–¼‘O,‚Ó‚è‚ª‚È,ƒAƒhƒŒƒX,«•Ê,’a¶“ú,ŒŒ‰tŒ^,“s“¹•{Œ§,“d˜b”Ô†
^“c —y,‚³‚È‚¾ ‚Í‚é‚©,sanada_haruka@example.com,—,2021/11/10,BŒ^,•ºŒÉŒ§,052-282-3366
’·•l Œb–]q,‚È‚ª‚Í‚Ü ‚¦‚İ‚±,nagahama_emiko@example.com,—,2022/5/3,AŒ^,é‹ÊŒ§,096-664-4436
‰Pˆä ‚µ‚Ú‚è,‚¤‚·‚¢ ‚µ‚Ú‚è,usui_shibori@example.com,—,2022/2/23,AŒ^,–kŠC“¹,028-949-1356
“V–ì O–ç,‚ ‚Ü‚Ì ‚Ğ‚ë‚È‚è,amano_hironari@example.com,’j,2022/6/10,BŒ^,“Œ‹“s,087-474-8172
Ré ‰Øq,‚â‚Ü‚µ‚ë ‚Í‚È‚±,yamashiro_hanako@example.com,—,2021/8/7,AŒ^,ÂXŒ§,081-159-1816
Š}ˆä ˆ»—,‚©‚³‚¢ ‚ ‚â‚ß,kasai_ayame@example.com,—,2022/6/23,OŒ^,H“cŒ§,080- 69-9809
•ŸR “O,‚Ó‚­‚â‚Ü ‚Æ‚¨‚é,fukuyama_tooru@example.com,’j,2022/1/25,OŒ^,“Œ‹“s,039-972-1002
Î“c ‰Ô—Î,‚¢‚µ‚¾ ‚©‚ë‚­,ishida_karoku@example.com,’j,2021/11/9,OŒ^,“Œ‹“s,085-457-2408
H—t ””V,‚ ‚«‚Î ‚Ğ‚ë‚ä‚«,akiba_hiroyuki@example.com,’j,2022/5/5,AŒ^,•ŸˆäŒ§,028-759-7333
R’† Ø“E,‚â‚Ü‚È‚© ‚È‚Â‚İ,yamanaka_natsumi@example.com,—,2022/5/14,OŒ^,‘åã•{,0  -858-4935
XR ‹M”üq,‚à‚è‚â‚Ü ‚«‚İ‚±,moriyama_kimiko@example.com,—,2022/3/1,OŒ^,“¿“‡Œ§,093-649-2077
ŒuŒ´ Š°,‚Ù‚Æ‚Í‚ç ‚Ğ‚ë‚µ,hotohara_hiroshi@example.com,’j,2022/8/3,AŒ^,‹{èŒ§,016-887-3845
‘åè —C,‚¨‚¨‚³‚« ‚½‚·‚­,oosaki_tasuku@example.com,’j,2021/8/7,AŒ^,Ã‰ªŒ§,026-407-5897
‹ß“¡ —¢•ä,‚±‚ñ‚Ç‚¤ ‚è‚Ù,konndou_riho@example.com,—,2021/8/25,ABŒ^,é‹ÊŒ§,067-812-4974
Šâˆä ”ü‰À,‚¢‚í‚¢ ‚İ‚©,iwai_mika@example.com,—,2022/2/23,AŒ^,–kŠC“¹,072-485-5278
•½“c Œš,‚Ğ‚ç‚½ ‚¯‚ñ,hirata_ken@example.com,’j,2021/9/2,OŒ^,“Œ‹“s,042-  7-8592
‘â Œõ”,‚Í‚â‚³‚© ‚İ‚Â‚Ğ‚ë,hayasaka_mitsuhiro@example.com,’j,2022/4/27,BŒ^,‚’mŒ§,060-548- 270
¬–ì ’q‰Ô,‚¨‚Ì ‚Æ‚à‚©,ono_tomoka@example.com,—,2022/1/6,OŒ^,•ºŒÉŒ§,028-881-7195
Šp“c ‘å÷,‚©‚Ç‚½ ‚Ğ‚ë‚«,kadota_hiroki@example.com,’j,2022/1/18,AŒ^,“Œ‹“s,066-792-1076
–î•” —²”,‚â‚× ‚½‚©‚Ğ‚ë,yabe_takahiro@example.com,’j,2021/12/23,OŒ^,“È–ØŒ§,0 9-137-6954
’|“à Œc‘¾,‚½‚¯‚¤‚¿ ‚¯‚¢‚½,takeuchi_keita@example.com,’j,2021/10/26,OŒ^,–kŠC“¹,043-936-6900
‰º“c M•ã,‚µ‚à‚¾ ‚µ‚ñ‚·‚¯,shimoda_shinsuke@example.com,’j,2021/10/18,AŒ^,é‹ÊŒ§,031-195-5437
”g‘½–ì —í“Ş,‚Í‚½‚Ì ‚ê‚È,hatano_rena@example.com,—,2022/5/3,BŒ^,–kŠC“¹,089-941-1571
‰i–ì —˜•v,‚È‚ª‚Ì ‚Æ‚µ‚¨,nagano_toshio@example.com,’j,2022/5/12,AŒ^,•Ÿ“‡Œ§,068- 56-6341
¼‹ ‰ë•F,‚Ü‚Â‚¢ ‚Ü‚³‚Ğ‚±,matsui_masahiko@example.com,’j,2022/3/15,OŒ^,é‹ÊŒ§,062-881-9537
¬•½ —y,‚±‚Ğ‚ç ‚Í‚é‚©,kohira_haruka@example.com,—,2022/5/25,AŒ^,“È–ØŒ§,046-886-6108
•Ÿ“c ˆê‘ã,‚Ó‚­‚¾ ‚©‚¸‚æ,fukuda_kazuyo@example.com,—,2022/4/24,BŒ^,“Œ‹“s,066-404-4835
›–{ —R”üq,‚Ä‚ç‚à‚Æ ‚ä‚İ‚±,teramoto_yumiko@example.com,—,2022/7/27,BŒ^,–kŠC“¹,074-609-2888
Â–ö ‚µ‚Ù‚è,‚ ‚¨‚â‚¬ ‚µ‚Ù‚è,aoyagi_shihori@example.com,—,2022/6/30,OŒ^,é‹ÊŒ§,046-367-8831
’‡‘º —æ“ß,‚È‚©‚Ş‚ç ‚ê‚È,nakamura_rena@example.com,—,2021/10/18,OŒ^,ˆ¤•QŒ§,035- 42-8736
“¡–ì ‹q,‚Ó‚¶‚Ì ‚«‚å‚¤‚±,fujino_kyouko@example.com,—,2021/8/21,OŒ^,ˆ¤’mŒ§,026-973-8561
’·‰ª Œc“ñ,‚È‚ª‚¨‚© ‚¯‚¢‚¶,nagaoka_keiji@example.com,’j,2022/3/28,AŒ^,é‹ÊŒ§,049-566-5795
‰–‘ò ‹q,‚µ‚¨‚´‚í ‚«‚å‚¤‚±,shiozawa_kyouko@example.com,—,2022/7/16,AŒ^,•Ÿ‰ªŒ§,0 6-610-2068
O‰Y ”üK,‚İ‚¤‚ç ‚İ‚ä‚«,miura_miyuki@example.com,—,2021/10/23,AŒ^,Ã‰ªŒ§,070-206-4028
ÎR —F–ç,‚¢‚µ‚â‚Ü ‚Æ‚à‚â,ishiyama_tomoya@example.com,’j,2022/5/31,AŒ^,‘åã•{,047-190-5490
¬–ì ãÄq,‚¨‚Ì ‚µ‚å‚¤‚±,ono_shouko@example.com,—,2022/6/9,AŒ^,–kŠC“¹,029-824-5403
Lì ‹q,‚Ğ‚ë‚©‚í ‚«‚å‚¤‚±,hirokawa_kyouko@example.com,—,2022/3/19,AŒ^, ‰êŒ§,054-438-6098
–k ‚¿‚¦‚İ,‚«‚½ ‚¿‚¦‚İ,kita_chiemi@example.com,—,2022/5/4,BŒ^,é‹ÊŒ§,096-182-8844
›À [‘¥,‚·‚ª‚Ê‚Ü ‚İ‚Â‚Ì‚è,suganuma_mitsunori@example.com,’j,2021/12/24,OŒ^,•Ÿ‰ªŒ§,033-222-7782
H–{ —q,‚ ‚«‚à‚Æ ‚è‚±,akimoto_riko@example.com,—,2022/1/17,ABŒ^,‘åã•{,058-940-4516
´“c ‚ê‚¢‚È,‚«‚æ‚½ ‚ê‚¢‚È,kiyota_reina@example.com,—,2021/8/14,AŒ^,‰ªRŒ§,075-714-9490
‹{–{ Li,‚İ‚â‚à‚Æ ‚±‚¤‚¶,miyamoto_kouji@example.com,’j,2021/11/17,AŒ^,_“ŞìŒ§,0 9-496- 614
‰ª“c K•½,‚¨‚©‚¾ ‚±‚¤‚Ö‚¢,okada_kouhei@example.com,’j,2022/1/4,AŒ^,L“‡Œ§,095-126-1256
–öŒ´ ˜Z˜Y,‚â‚È‚¬‚Í‚ç ‚ë‚­‚ë‚¤,yanagihara_rokurou@example.com,’j,2022/1/3,BŒ^,_“ŞìŒ§,067-568-2577
–ìÛ ”ü’qq,‚Ì‚¬‚í ‚İ‚¿‚±,nogiwa_michiko@example.com,—,2022/4/4,ABŒ^,‰ªRŒ§,082-869-6991
HŒ³ —í“Ş,‚ ‚«‚à‚Æ ‚ê‚È,akimoto_rena@example.com,—,2022/7/30,AŒ^,•Ÿ‰ªŒ§,0 6-816-3287
ˆé•” Œiq,‚¢‚»‚× ‚¯‚¢‚±,isobe_keiko@example.com,—,2022/6/7,OŒ^,•ºŒÉŒ§,039-717-3244
ˆîŠ_ –¢˜Ò,‚¢‚È‚ª‚« ‚İ‚ç‚¢,inagaki_mirai@example.com,’j,2021/11/23,AŒ^,ˆ¤’mŒ§,033-845-3961
‘åR ˜a,‚¨‚¨‚â‚Ü ‚í‚©,ooyama_waka@example.com,—,2022/6/17,AŒ^,“¿“‡Œ§,038-516- 479
Îè Š®¢,‚¢‚µ‚´‚« ‚©‚ñ‚¶,ishizaki_kanji@example.com,’j,2021/11/10,ABŒ^,“Œ‹“s,015-758-3127
‰¡R ‚«‚İ‚Ü‚ë,‚æ‚±‚â‚Ü ‚«‚İ‚Ü‚ë,yokoyama_kimimaro@example.com,’j,2022/2/28,BŒ^,“È–ØŒ§,094- 40-9685
–öŒ´ ‚“¶,‚â‚È‚¬‚Í‚ç ‚µ‚Ç‚¤,yanagihara_shidou@example.com,’j,2021/8/7,OŒ^,ç—tŒ§,070-927-4856
‰F“s‹{ ‚»‚ç,‚¤‚Â‚Ì‚İ‚â ‚»‚ç,utsunomiya_sora@example.com,—,2021/10/10,BŒ^,“‡ªŒ§,024- 61-5738
“¿“c ƒTƒ“ƒ^ƒ}ƒŠƒA,‚Æ‚­‚½ ‚³‚ñ‚½‚Ü‚è‚ ,tokuta_stmaria@example.com,—,2022/2/8,AŒ^,OdŒ§,075- 29-5369
‘½•” ‚ ‚¨‚¢,‚½‚× ‚ ‚¨‚¢,tabe_aoi@example.com,—,2022/7/24,BŒ^,“Œ‹“s,084-741-8052
]Œ´ ’©,‚¦‚Í‚ç ‚ ‚³‚©,ehara_asaka@example.com,—,2021/10/12,AŒ^,L“‡Œ§,013-873-7977
ò —m,‚¢‚¸‚İ ‚æ‚¤,izumi_you@example.com,’j,2022/4/3,OŒ^,ç—tŒ§,043-144-3661
‘ê Œc“ñ,‚½‚« ‚¯‚¢‚¶,taki_keiji@example.com,’j,2022/4/4,ABŒ^,Ã‰ªŒ§,072-569-2111
ÂR ^Œá,‚ ‚¨‚â‚Ü ‚µ‚ñ‚²,aoyama_shingo@example.com,’j,2022/3/15,AŒ^,“Œ‹“s,098-519-2686
HŒ³ ç,‚ ‚«‚à‚Æ ‚Ü‚à‚é,akimoto_mamoru@example.com,’j,2021/10/5,OŒ^,“Œ‹“s,022-868- 701
‘å˜a ¹’mŠG,‚â‚Ü‚Æ ‚³‚¿‚¦,yamato_sachie@example.com,—,2022/3/31,OŒ^,“È–ØŒ§,034-779-7712
‹{—¢ —æ“ß,‚İ‚â‚´‚Æ ‚ê‚È,miyazato_rena@example.com,—,2022/2/21,BŒ^,ˆ¤’mŒ§,0 1-380-7633
”nê –,‚Î‚Î ‚İ‚Â‚é,baba_mitsuru@example.com,’j,2022/5/8,OŒ^,²‰êŒ§,030-177-8205
ãğ Œõ,‚©‚İ‚¶‚å‚¤ ‚Ğ‚©‚é,kamijou_hikaru@example.com,—,2021/12/5,OŒ^,é‹ÊŒ§,015-253- 100
O–Ø ‰ë”V,‚İ‚« ‚Ü‚³‚ä‚«,miki_masayuki@example.com,’j,2022/5/11,AŒ^,_“ŞìŒ§,053- 41-6896
™–{ —D,‚·‚¬‚à‚Æ ‚ä‚¤,sugimoto_yuu@example.com,’j,2022/5/11,ABŒ^,é‹ÊŒ§,0 4- 82-9803
V‘º —zq,‚É‚¢‚Ş‚ç ‚æ‚¤‚±,niimura_youko@example.com,—,2022/5/23,BŒ^,é‹ÊŒ§,023-746-4779
’†—Ñ ˆÇ,‚È‚©‚Î‚â‚µ ‚ ‚ñ,nakabayashi_ann@example.com,—,2022/3/27,ABŒ^,•Ÿ‰ªŒ§,086-232-7839
•Ÿm Œõb,‚Ó‚­‚µ ‚İ‚Â‚¨‚İ,fukushi_mitsuomi@example.com,’j,2022/3/7,AŒ^,­™“‡Œ§,061-234-4860
‰©ì“c õ–¾,‚«‚©‚í‚¾ ‚Æ‚µ‚ ‚«,kikawada_toshiaki@example.com,’j,2022/1/21,BŒ^,“Œ‹“s,097-761-5203
‹g“c —R‰F,‚æ‚µ‚¾ ‚ä‚¤,yoshida_yuu@example.com,—,2022/5/16,OŒ^,•Ÿ‰ªŒ§,0 8-552-6272
˜a“c ‚Ü‚³‚µ,‚í‚¾ ‚Ü‚³‚µ,wada_masashi@example.com,’j,2022/6/2,OŒ^,–kŠC“¹,021-161-8889
¼‰ª —¹,‚Ü‚Â‚¨‚© ‚è‚å‚¤,matsuoka_ryou@example.com,’j,2022/6/7,AŒ^,ç—tŒ§,095-533-1243
‹ß“¡ ‰èˆÈ,‚±‚ñ‚Ç‚¤ ‚ß‚¢,kondou_mei@example.com,—,2022/5/18,ABŒ^,“Ş—ÇŒ§,082-608-1179
­‰ê ‚j,‚©‚ª ‚½‚©‚µ,kaga_takashi@example.com,’j,2022/7/26,BŒ^,ìŒ§,036-114-8496
‘ò ç‰Àq,‚³‚í ‚¿‚©‚±,sawa_chikako@example.com,—,2021/8/19,BŒ^,VŠƒŒ§,063-277- 632
’·–ì Œ÷•â,‚È‚ª‚Ì ‚±‚¤‚·‚¯,nagano_kousuke@example.com,’j,2022/2/3,AŒ^,‹{éŒ§,0 3-220- 925
‘å‹´ Œ[‰î,‚¨‚¨‚Í‚µ ‚¯‚¢‚·‚¯,oohashi_keisuke@example.com,’j,2021/8/27,AŒ^,Ã‰ªŒ§,035-968- 127
‘Š• m»,‚ ‚¢‚Ô ‚Ğ‚ë‚ ‚«,aibu_hiroaki@example.com,’j,2022/2/2,OŒ^,_“ŞìŒ§,065-237- 149
ìˆä ¹’mŠG,‚©‚í‚¢ ‚³‚¿‚¦,kawai_sachie@example.com,—,2021/9/21,AŒ^,“Œ‹“s,010-340-3072
ìŒû ‘‹I,‚©‚í‚®‚¿ ‚³‚«,kawaguchi_saki@example.com,—,2022/5/10,BŒ^,“‡ªŒ§,089-768- 449
ªŠİ ˆ¤Ø,‚Ë‚¬‚µ ‚ ‚¢‚È,negishi_aina@example.com,—,2022/3/23,AŒ^,•ºŒÉŒ§,078-849-  10
Î“n –@q,‚¢‚µ‚í‚½‚è ‚Ì‚è‚±,ishiwatari_noriko@example.com,—,2022/5/16,OŒ^, ‰êŒ§,016-704-3407
¼‘ò ä»‰›,‚É‚µ‚´‚í ‚è‚¨,nishizawa_rio@example.com,—,2022/2/6,AŒ^,ˆ¤•QŒ§,051-145-6560
R‘º –‘¾˜Y,‚â‚Ü‚Ş‚ç ‚Ü‚ñ‚½‚ë‚¤,yamamura_mantarou@example.com,’j,2022/2/7,OŒ^,Ã‰ªŒ§,062-224-8522
ì“Y ‚È‚Â‚İ,‚©‚í‚¼‚¦ ‚È‚Â‚İ,kawazoe_natsumi@example.com,—,2021/10/1,ABŒ^,L“‡Œ§,086-682- 361
Rì Œ\,‚â‚Ü‚©‚í ‚¯‚¢,yamakawa_kei@example.com,’j,2022/6/10,OŒ^,“Œ‹“s,016-551-4572
£”ö ’©—z,‚¹‚¨ ‚ ‚³‚Ğ,seo_asahi@example.com,—,2022/3/1,AŒ^,‘åã•{,059- 75- 754
¬“c“‡ Œc“ñ,‚¨‚¾‚¶‚Ü ‚¯‚¢‚¶,odajima_keiji@example.com,’j,2021/12/12,OŒ^,‘å•ªŒ§,061-529-9265
ŒIR ˜Hq,‚­‚è‚â‚Ü ‚İ‚¿‚±,kuriyama_michiko@example.com,—,2022/3/3,OŒ^,RŒûŒ§,075-100-4804
ˆÉ“Œ –ƒ,‚¢‚Æ‚¤ ‚Ü‚¨,itou_mao@example.com,—,2021/11/1,OŒ^,‚’mŒ§,0 4-995-7687
“à–ì —çq,‚¤‚¿‚Ì ‚ê‚¢‚±,uchino_reiko@example.com,—,2021/8/11,AŒ^,‹“s•{,059-890-7340
–Ø‰º i,‚«‚Ì‚µ‚½ ‚·‚·‚Ş,kinoshita_susumu@example.com,’j,2021/11/1,BŒ^,Ã‰ªŒ§,027-657-2649
ë–ì —²,‚©‚Ì ‚½‚©‚µ,kano_takashi@example.com,’j,2022/1/15,ABŒ^,“Œ‹“s,078-784-9525
–Ø‰º “O,‚«‚Ì‚µ‚½ ‚Æ‚¨‚é,kinoshita_tohru@example.com,’j,2022/3/1,OŒ^,ŒF–{Œ§,032-719-5611
•Ÿ“c —D,‚Ó‚­‚¾ ‚ä‚¤,fukuda_yuu@example.com,—,2022/6/14,OŒ^,_“ŞìŒ§,087-736-9447
•½‘ò ”üK,‚Ğ‚ç‚³‚í ‚İ‚ä‚«,hirasawa_miyuki@example.com,—,2021/9/4,BŒ^,ç—tŒ§,085-739-6417
–ì‘º “Ö,‚Ì‚Ş‚ç ‚ ‚Â‚µ,nomura_atsushi@example.com,’j,2021/11/25,OŒ^,OdŒ§,046-992-2033
•l“c ˆ¤q,‚Í‚Ü‚¾ ‚ ‚¢‚±,hamada_aiko@example.com,—,2022/4/27,AŒ^,“Œ‹“s,083-385-3688
’ËŒ´ —Eˆê,‚Â‚©‚Í‚ç ‚ä‚¤‚¢‚¿,tsukahara_yuuichi@example.com,’j,2022/8/4,AŒ^,L“‡Œ§,047-929-2680
–îì —D,‚â‚Í‚¬ ‚ä‚¤,yahagi_yuu@example.com,—,2022/4/28,AŒ^,‹{èŒ§,036-625-7704
‘q ƒWƒ[ƒ‰ƒ‚,‚­‚ç‚à‚¿ ‚¶‚ë[‚ç‚à,kuramochi_girolamo@example.com,’j,2022/4/14,AŒ^,ˆ¤’mŒ§,086-219-6063
•Ÿm Š°,‚Ó‚­‚µ ‚Ğ‚ë‚µ,fukushi_hiroshi@example.com,’j,2022/6/19,ABŒ^,•Ÿ“‡Œ§,096-920- 808
ã“c ãÄq,‚¤‚¦‚¾ ‚µ‚å‚¤‚±,ueda_shouko@example.com,—,2021/9/26,OŒ^,’·–ìŒ§,024-429-6172
R’† _³,‚â‚Ü‚È‚© ‚Ğ‚ë‚Ü‚³,yamanaka_hiromasa@example.com,’j,2021/11/15,AŒ^,ç—tŒ§,094-669- 555
’†’Ë –ƒ,‚È‚©‚Ã‚© ‚Ü‚¨,nakaduka_mao@example.com,—,2021/9/15,ABŒ^,Ã‰ªŒ§,048-573-6514
–F‰ê ‘åŒÜ˜Y,‚Í‚ª ‚¾‚¢‚²‚ë‚¤,haga_daigorou@example.com,’j,2022/2/27,OŒ^,‘åã•{,034-378-1461
”ª–Ø ^”¿,‚â‚¬ ‚Ü‚Ù,yagi_maho@example.com,—,2022/2/3,AŒ^,“Œ‹“s,0 8- 67-7181
O–Ø ‚è‚¦,‚İ‚« ‚è‚¦,miki_rie@example.com,—,2022/3/6,OŒ^,–kŠC“¹,055-903-7566
¼–Ø –¢˜Ò,‚Ü‚Â‚« ‚İ‚ç‚¢,matsuki_mirai@example.com,—,2022/3/31,OŒ^,ˆ¤•QŒ§,025-825-2945
àV“c ˆ»,‚³‚í‚¾ ‚ ‚â,sawada_aya@example.com,—,2021/12/27,BŒ^,Šò•ŒŒ§,011-890- 181
“à‘º ãÄq,‚¤‚¿‚Ş‚ç ‚µ‚å‚¤‚±,uchimura_shouko@example.com,—,2021/11/17,AŒ^,ç—tŒ§,022-483-9408
Œã“¡ ‰À”T,‚²‚Æ‚¤ ‚æ‚µ‚Ì,gotou_yoshino@example.com,—,2022/2/15,BŒ^,é‹ÊŒ§,044-145-9991
_–Ø ‚«‚İ‚Ü‚ë,‚©‚İ‚« ‚«‚İ‚Ü‚ë,kamiki_kimimaro@example.com,’j,2021/10/28,AŒ^,‘åã•{,014-818-1333
”¨’† t÷,‚Í‚½‚È‚© ‚Í‚é‚«,hatanaka_haruki@example.com,—,2022/6/26,AŒ^,é‹ÊŒ§,074-541-6660
’†’J —R÷,‚È‚©‚½‚É ‚ä‚«,nakatani_yuki@example.com,—,2021/8/28,AŒ^,–kŠC“¹,096-458-3386
’J‘º —Ti,‚½‚É‚Ş‚ç ‚ä‚¤‚¶,tanimura_yuuji@example.com,’j,2022/3/28,BŒ^,˜a‰ÌRŒ§,0 5- 11- 821
–kŒ´ Œb—œ,‚«‚½‚Í‚ç ‚¦‚è‚©,kitahara_erika@example.com,—,2021/12/31,BŒ^,RŒûŒ§,029-842-1532
‘ò‘º Œõ—m,‚³‚í‚Ş‚ç ‚İ‚Â‚Ğ‚ë,sawamura_mitsuhiro@example.com,’j,2022/3/12,OŒ^,é‹ÊŒ§,064-811-5776
“ì•” ‚µ‚Ú‚è,‚È‚ñ‚Ô ‚µ‚Ú‚è,nannbu_shibori@example.com,—,2021/11/22,AŒ^,OdŒ§,059-792-7127
“s’z Gs,‚Â‚Ã‚« ‚Ğ‚ë‚ä‚«,tsuduki_hiroyuki@example.com,’j,2021/11/13,BŒ^,_“ŞìŒ§,045-286-9556
` —D,‚Í‚½ ‚ä‚¤,hata_yuu@example.com,—,2022/3/7,BŒ^,‹{éŒ§,013-867-2192
’|–{ —¹,‚½‚¯‚à‚Æ ‚è‚å‚¤,takemoto_ryou@example.com,’j,2022/1/18,OŒ^,‹{éŒ§,071-563-1783
²ì —çq,‚³‚ª‚í ‚ê‚¢‚±,sagawa_reiko@example.com,—,2022/8/1,OŒ^,RŒ`Œ§,082-137-6492
’O‰H —q,‚½‚ñ‚Î ‚è‚±,tannba_riko@example.com,—,2022/5/14,OŒ^,é‹ÊŒ§,025-558-5705
”Ş•û ƒRƒE,‚©‚È‚½ ‚±‚¤,kanata_kou@example.com,—,2022/6/26,ABŒ^,_“ŞìŒ§,014- 26-5752
’·‰ª Œb—œ,‚È‚ª‚¨‚© ‚¦‚è‚©,nagaoka_erika@example.com,—,2021/8/19,ABŒ^,é‹ÊŒ§,059-450-9961
‘O–ì ^Œá,‚Ü‚¦‚Ì ‚µ‚ñ‚²,maeno_shingo@example.com,’j,2021/9/19,AŒ^,•Ÿ‰ªŒ§,074-259-7687
‰œ“c ‚½‚Ü‚«,‚¨‚­‚¾ ‚½‚Ü‚«,okuda_tamaki@example.com,—,2022/5/3,OŒ^,ç—tŒ§,068-567- 389
’|“c Ñ‹G,‚½‚¯‚¾ ‚³‚«,takeda_saki@example.com,—,2022/1/12,BŒ^,•ºŒÉŒ§,033-564-3566
Š}Œ´ —Áq,‚©‚³‚Í‚ç ‚è‚å‚¤‚±,kasahara_ryouko@example.com,—,2022/1/20,AŒ^,ŒF–{Œ§,081- 26-2201
“y‹´ ‚»‚ç,‚Â‚¿‚Í‚µ ‚»‚ç,tsuchihashi_sora@example.com,—,2022/5/14,AŒ^,‹{éŒ§,086-  2-8739
‘å”¨ –¾,‚¨‚¨‚Í‚½ ‚ ‚«‚ç,oohata_akira@example.com,’j,2022/3/27,OŒ^,ˆ¤’mŒ§,026-273-1826
_•Û G,‚¶‚ñ‚Ú ‚Ğ‚ë‚µ,jinbo_hiroshi@example.com,’j,2022/6/7,OŒ^,•ºŒÉŒ§,073-565-5206
‰ªè ‚Ü‚È‚İ,‚¨‚©‚´‚« ‚Ü‚È‚İ,okazaki_manami@example.com,—,2021/9/9,BŒ^,“Œ‹“s,069-773-5162
O‘î —Áq,‚İ‚â‚¯ ‚è‚å‚¤‚±,miyake_ryouko@example.com,—,2021/10/14,AŒ^,“Œ‹“s,053-850-2829
‹gˆä õŒÜ˜Y,‚æ‚µ‚¢ ‚»‚ß‚²‚ë‚¤,yoshii_somegorou@example.com,’j,2022/6/13,AŒ^,ˆ¤’mŒ§,015-217- 988
’–ŒÒ ˜a,‚¢‚Ì‚Ü‚½ ‚í‚©,inomata_waka@example.com,—,2022/4/10,BŒ^,•Ÿ“‡Œ§,099-114-6545
‰F‘½“c t÷,‚¤‚½‚¾ ‚Í‚é‚«,utada_haruki@example.com,—,2022/4/30,BŒ^,“Œ‹“s,068-741- 904
’†R ‰ë”V,‚È‚©‚â‚Ü ‚Ü‚³‚ä‚«,nakayama_masayuki@example.com,’j,2022/4/22,OŒ^,’·èŒ§,0 5-375-3958
”Œ´ ’©,‚©‚µ‚í‚ç ‚ ‚³‚©,kashiwara_asaka@example.com,—,2022/3/3,BŒ^,‘åã•{,0 1-364-8233
“c‘º ŒO,‚½‚Ş‚ç ‚©‚¨‚é,tamura_kaoru@example.com,—,2022/1/16,OŒ^,’¹æŒ§,050-244-8347
’·”ö ‚¾‚ñ‹g,‚È‚ª‚¨ ‚¾‚ñ‚«‚¿,nagao_dankichi@example.com,’j,2021/10/10,AŒ^,_“ŞìŒ§,093-513- 242
•x“c „Šî,‚Æ‚İ‚½ ‚æ‚µ‚«,tomita_yoshiki@example.com,’j,2022/1/31,BŒ^,_“ŞìŒ§,056-  4-4547
“ú‰º lu,‚Ğ‚Ì‚µ‚½ ‚Ğ‚Æ‚µ,hinoshita_hitoshi@example.com,’j,2022/3/22,AŒ^,_“ŞìŒ§,097-277- 325
–ìã Œbq,‚Ì‚ª‚İ ‚¯‚¢‚±,nogami_keiko@example.com,—,2022/5/28,AŒ^,“Œ‹“s,017-919- 758
u… ˆ»,‚µ‚İ‚¸ ‚ ‚â,shimizu_aya@example.com,—,2022/4/24,AŒ^,ç—tŒ§,087-720-8424
•ì ä»,‚­‚ë‚©‚í ‚è‚¨,kurokawa_rio@example.com,—,2021/9/26,AŒ^,ÂXŒ§,056-519-5323
‰ªR ç,‚¨‚©‚â‚Ü ‚³‚«,okayama_saki@example.com,—,2022/6/2,OŒ^,ˆïéŒ§,087-133-9925
Â–ö ƒWƒ[ƒ‰ƒ‚,‚ ‚¨‚â‚¬ ‚¶‚ë[‚ç‚à,aoyagi_girolamo@example.com,’j,2022/1/22,AŒ^,•Ÿ‰ªŒ§,075-535-9361
Î O˜Y,‚Ó‚«‚¢‚µ ‚³‚Ô‚ë‚¤,fukiishi_saburou@example.com,’j,2022/1/27,OŒ^,VŠƒŒ§,099-408-1202
‰œ‘º —D,‚¨‚­‚Ş‚ç ‚ä‚¤,okumura_yuu@example.com,—,2021/8/19,AŒ^,“Œ‹“s,040-414-  82
A“c ”ü‰Ã,‚¤‚¦‚½ ‚İ‚©,ueta_mika@example.com,—,2021/10/13,ABŒ^,_“ŞìŒ§,053-809-6371
™‹Ê –,‚±‚¾‚Ü ‚İ‚Â‚é,kodama_mitsuru@example.com,’j,2022/5/29,OŒ^,­™“‡Œ§,041-919-5240
—‡ —çq,‚¨‚¿‚ ‚¢ ‚ê‚¢‚±,ochiai_reiko@example.com,—,2021/9/7,AŒ^,ŒF–{Œ§,049-172-6872
“ì ƒWƒ[ƒ‰ƒ‚,‚İ‚È‚İ ‚¶‚ë[‚ç‚à,minami_girolamo@example.com,’j,2022/4/20,AŒ^,_“ŞìŒ§,091-746-1779
›ˆä ƒTƒ“ƒ^ƒ}ƒŠƒA,‚Ä‚ç‚¢ ‚³‚ñ‚½‚Ü‚è‚ ,terai_stmaria@example.com,’j,2022/6/20,BŒ^,•ºŒÉŒ§,094-996-7335
¼”ö —R”üq,‚É‚µ‚¨ ‚ä‚İ‚±,nishio_yumiko@example.com,—,2022/2/1,OŒ^,“Œ‹“s,083-573-4878
‘Š”n —E‘¾,‚ ‚¢‚Î ‚ä‚¤‚½,aiba_yuuta@example.com,’j,2022/4/23,AŒ^,RŒûŒ§,093- 79-6417
£ŒË ‰pk,‚¹‚Æ ‚Ğ‚Å‚Â‚®,seto_hidetsugu@example.com,’j,2022/7/20,OŒ^,“Œ‹“s,035-429-1795
”ò“c ‰Ô,‚Ğ‚¾ ‚Í‚È,hida_hana@example.com,—,2022/3/5,AŒ^,_“ŞìŒ§,022- 80-5825
‹T“c ˜a”V,‚©‚ß‚¾ ‚©‚¸‚ä‚«,kameda_kazuyuki@example.com,’j,2022/1/21,AŒ^,“¿“‡Œ§,066-993-5650
ˆÀ’B “q,‚ ‚¾‚¿ ‚à‚à‚±,adachi_momoko@example.com,—,2021/8/27,ABŒ^,VŠƒŒ§,0 3- 77-9542
óŒ© Šó,‚ ‚³‚İ ‚Ì‚¼‚İ,asami_nozomi@example.com,—,2022/3/21,BŒ^,²‰êŒ§,061-978-1178
ŠÖ ƒTƒ“ƒ^ƒ}ƒŠƒA,‚¹‚« ‚³‚ñ‚½‚Ü‚è‚ ,seki_stmaria@example.com,—,2022/3/11,AŒ^,é‹ÊŒ§,036-325-5890
aŒû ‹PM,‚İ‚¼‚®‚¿ ‚ ‚«‚Ì‚Ô,mizoguchi_akinobu@example.com,’j,2022/4/23,OŒ^,“Œ‹“s,033-195-9156
ˆä‘º —D,‚¢‚Ş‚ç ‚ä‚¤,imura_yuu@example.com,—,2022/2/22,OŒ^,ˆ¤’mŒ§,050-779-9085
ˆÉ‘ò —çq,‚¢‚´‚í ‚ê‚¢‚±,izawa_reiko@example.com,—,2022/3/27,OŒ^,ŒF–{Œ§,063-568-1194
¼Œ´ ‰ë•F,‚É‚µ‚Í‚ç ‚Ü‚³‚Ğ‚±,nishihara_masahiko@example.com,’j,2022/5/31,AŒ^,ˆ¤’mŒ§,035-728-3389
–ìã Œ‹q,‚Ì‚ª‚İ ‚ä‚¤‚±,nogami_yuuko@example.com,—,2022/5/23,OŒ^, ‰êŒ§,013-249-7702
“‡è ‚³‚â‚©,‚µ‚Ü‚´‚« ‚³‚â‚©,shimazaki_sayaka@example.com,—,2022/3/18,AŒ^,‘å•ªŒ§,089-223-  15
‚£ õŒÜ˜Y,‚½‚©‚¹ ‚»‚ß‚²‚ë‚¤,takase_somegorou@example.com,’j,2022/6/26,OŒ^,L“‡Œ§,017-920- 622
¬“c ”ü—D,‚È‚è‚½ ‚İ‚ã‚¤,narita_myuu@example.com,—,2021/12/27,AŒ^,ˆïéŒ§,050-770-5204
‹TR “µ,‚©‚ß‚â‚Ü ‚Ğ‚Æ‚İ,kameyama_hitomi@example.com,—,2021/12/26,AŒ^,–kŠC“¹,092-488-8860
’Ã“c –¢‰Øq,‚Â‚¾ ‚İ‚©‚±,tsuda_mikako@example.com,—,2022/2/22,OŒ^,•ŸˆäŒ§,090-484-2108
•“c ‰Ô—Î,‚½‚¯‚¾ ‚©‚ë‚­,takeda_karoku@example.com,’j,2022/3/27,OŒ^,ˆ¤’mŒ§,019-930-8841
_ŒË ”ü—¢,‚±‚¤‚× ‚İ‚è,koube_miri@example.com,—,2022/7/11,BŒ^,“Œ‹“s,098-211-1396
â–{ —³–ç,‚³‚©‚à‚Æ ‚½‚Â‚â,sakamoto_tatsuya@example.com,’j,2022/5/17,OŒ^,é‹ÊŒ§,067-255-9203
–{R —Ti,‚Ù‚ñ‚â‚Ü ‚ä‚¤‚¶,honnyama_yuuji@example.com,’j,2021/11/8,OŒ^,’¹æŒ§,060-779-7221
‹{“c ^—Iq,‚İ‚â‚½ ‚Ü‚ä‚±,miyata_mayuko@example.com,—,2022/6/6,ABŒ^,é‹ÊŒ§,0 2-188-7018
‰““¡ —C,‚¦‚ñ‚Ç‚¤ ‚½‚·‚­,enndou_tasuku@example.com,’j,2022/3/24,BŒ^,é‹ÊŒ§,075-964-9970
¬‘ò –F³,‚¨‚´‚í ‚æ‚µ‚Ü‚³,ozawa_yoshimasa@example.com,’j,2022/4/29,ABŒ^,ˆïéŒ§,070-537-1080
ì“Y ‹Gˆß,‚©‚í‚¼‚¦ ‚Æ‚µ‚¦,kawazoe_toshie@example.com,—,2022/6/19,ABŒ^,ç—tŒ§,097- 40-3069
¬R —z‰î,‚¨‚â‚Ü ‚æ‚¤‚·‚¯,oyama_yousuke@example.com,’j,2021/10/31,BŒ^,ç—tŒ§,046-465-4434
“‚‘ò ŒO,‚©‚ç‚³‚í ‚©‚¨‚é,karasawa_kaoru@example.com,’j,2022/7/20,BŒ^,‹“s•{,082- 70-3115
âã ‚Ü‚İ,‚³‚©‚ª‚İ ‚Ü‚İ,sakagami_mami@example.com,—,2021/12/24,OŒ^,ˆïéŒ§,054-538-5578
’†”ö Œc“ñ,‚È‚©‚¨ ‚¯‚¢‚¶,nakao_keiji@example.com,’j,2022/7/28,AŒ^,“Œ‹“s,070-765-5399
’·£ ˆê,‚È‚ª‚¹ ‚Í‚¶‚ß,nagase_hajime@example.com,’j,2022/2/20,OŒ^,•Ÿ‰ªŒ§,057- 55-3362
‘å’Ã Ê,‚¨‚¨‚Â ‚ ‚â,ootsu_aya@example.com,—,2021/8/11,OŒ^,ˆ¤•QŒ§,026-785-7134
­“‡ ‰Ô—Î,‚©‚µ‚Ü ‚©‚ë‚­,kashima_karoku@example.com,’j,2021/9/1,AŒ^,ˆ¤’mŒ§,013-320- 709
ŠâŠÔ ‰ë•F,‚¢‚í‚Ü ‚Ü‚³‚Ğ‚±,iwama_masahiko@example.com,’j,2021/9/2,ABŒ^,ÎìŒ§,092-350-9532
‹e“c ‰Øq,‚«‚­‚½ ‚Í‚È‚±,kikuta_hanako@example.com,—,2022/7/6,AŒ^,“Œ‹“s,078-393-3791
‘å’J Œb—œ,‚¨‚¨‚½‚É ‚¦‚è‚©,ootani_erika@example.com,—,2021/9/20,OŒ^,•ºŒÉŒ§,033-784-5554
¬–ì —R÷,‚¨‚Ì ‚ä‚«,ono_yuki@example.com,—,2022/3/16,ABŒ^,“Œ‹“s,0 5-917-6267
‚¨‚©‚â‚Ü ‚ ‚¨‚¢,‚¨‚©‚â‚Ü ‚ ‚¨‚¢,okayama_aoi@example.com,—,2022/3/4,AŒ^,ŒF–{Œ§,083-  8- 397
¬¼ —²,‚±‚É‚µ ‚½‚©‚µ,konishi_takashi@example.com,’j,2022/7/24,AŒ^,•ºŒÉŒ§,041-662-8747
Šâ’J ƒƒCƒT,‚¢‚í‚½‚É ‚ß‚¢‚³,iwatani_meisa@example.com,—,2022/4/11,AŒ^,‘åã•{,090-576-6409
–k‘º ƒqƒJƒ‹,‚«‚½‚Ş‚ç ‚Ğ‚©‚é,kitamura_hikaru@example.com,—,2022/1/11,BŒ^,L“‡Œ§,082-930-5825
Šâ•£ Œõb,‚¢‚í‚Ô‚¿ ‚İ‚Â‚¨‚İ,iwabuchi_mitsuomi@example.com,’j,2022/5/3,BŒ^,Ã‰ªŒ§,029-817-7335
‰Á“¡ ƒTƒ“ƒ^ƒ}ƒŠƒA,‚©‚Æ‚¤ ‚³‚ñ‚½‚Ü‚è‚ ,katou_stmaria@example.com,—,2021/10/2,BŒ^,ÎìŒ§,029-262-2015
–{ã ä»,‚Ù‚ñ‚¶‚å‚¤ ‚è‚¨,honjo_rio@example.com,—,2022/4/14,OŒ^,“Œ‹“s,075-270-  82
¬› –L,‚±‚Å‚ç ‚ä‚½‚©,kodera_yutaka@example.com,’j,2021/10/20,AŒ^,–kŠC“¹,023-483-1867
Âè —²”,‚µ‚Ì‚´‚« ‚½‚©‚Ğ‚ë,shinozaki_takahiro@example.com,’j,2022/2/26,OŒ^,ÎìŒ§,047-440-6266
‚“c “w,‚½‚©‚¾ ‚Â‚Æ‚Ş,takada_tsutomu@example.com,’j,2022/5/23,OŒ^,R—œŒ§,048-853-2616
–ö —D,‚â‚È‚¬ ‚ä‚¤,yanagi_yuu@example.com,—,2021/10/19,AŒ^,’·èŒ§,025-982-3708
‰º‘º ”ü—D,‚µ‚à‚Ş‚ç ‚İ‚ã‚¤,shimomura_myuu@example.com,—,2022/6/25,OŒ^,Šò•ŒŒ§,084-573-2197
‹g‰ª “O,‚æ‚µ‚¨‚© ‚Æ‚¨‚é,yoshioka_tooru@example.com,’j,2022/5/21,OŒ^,é‹ÊŒ§,077-517-7086
‘O“c —z‰î,‚Ü‚¦‚¾ ‚æ‚¤‚·‚¯,maeda_yousuke@example.com,’j,2021/10/20,BŒ^,é‹ÊŒ§,052-390-4583
‰œ ‰ë•F,‚¨‚­ ‚Ü‚³‚Ğ‚±,oku_masahiko@example.com,’j,2021/9/23,OŒ^,ìŒ§,077-288-1688
›“‡ ãÄq,‚Ä‚ç‚µ‚Ü ‚µ‚å‚¤‚±,terashima_shouko@example.com,—,2021/9/1,OŒ^,•ºŒÉŒ§,042-285-4420
•–Ø ‚ ‚«,‚­‚ë‚« ‚ ‚«,kuroki_aki@example.com,—,2021/9/28,OŒ^,ç—tŒ§,022-827-8581
’†—¢ ’·—˜,‚È‚©‚´‚Æ ‚È‚ª‚Æ‚µ,nakazato_nagatoshi@example.com,’j,2022/1/8,OŒ^,‰ªRŒ§,068-988-6257
–¾Î‰Æ ‚½‚©‚¨,‚ ‚©‚µ‚â ‚½‚©‚¨,akashiya_takao@example.com,’j,2022/5/8,AŒ^,OdŒ§,046-320-9562
–L“c ‚È‚Â‚İ,‚Æ‚æ‚½ ‚È‚Â‚İ,toyota_natsumi@example.com,—,2021/12/1,AŒ^,ˆ¤’mŒ§,028- 37- 566
¬™ ‹M—ä,‚±‚·‚¬ ‚½‚©‚Ë,kosugi_takane@example.com,’j,2022/3/27,AŒ^,•ºŒÉŒ§,080-823-6557
‘”ü ÷—¢,‚Í‚â‚İ ‚¶‚ã‚è,hayami_juri@example.com,—,2022/6/13,BŒ^,OdŒ§,0 6-712- 627
“¡ì ³‹`,‚Ó‚¶‚©‚í ‚Ü‚³‚æ‚µ,fujikawa_masayoshi@example.com,’j,2022/4/24,BŒ^,‹“s•{,091-312- 203
…–ì r‰î,‚İ‚¸‚Ì ‚µ‚ã‚ñ‚·‚¯,mizuno_shunsuke@example.com,’j,2022/3/17,OŒ^,•Ÿ“‡Œ§,063- 62-5708
‹àq ‚İ‚ä‚«,‚©‚Ë‚± ‚İ‚ä‚«,kaneko_miyuki@example.com,—,2021/10/21,BŒ^,•xRŒ§,090-287-3447
™Œ´ ¹‘ã,‚·‚¬‚Í‚ç ‚Ü‚³‚æ,sugihara_masayo@example.com,—,2022/2/16,AŒ^,‘å•ªŒ§,021-380-7058
‹{‘ò ”üØ,‚İ‚â‚´‚í ‚İ‚È,miyazawa_mina@example.com,—,2021/9/8,OŒ^,Ã‰ªŒ§,022-637-7094
ˆ¢‹v’Ã Œc“ñ,‚ ‚­‚Â ‚¯‚¢‚¶,akutsu_keiji@example.com,’j,2022/2/4,AŒ^,‰«“êŒ§,030-561-2810
ÎŠÛ Œ›ˆê,‚¢‚µ‚Ü‚é ‚¯‚ñ‚¢‚¿,ishimaru_kenichi@example.com,’j,2022/4/3,OŒ^,ç—tŒ§,035-462-9160
óŒ© ‚³‚â‚©,‚ ‚³‚İ ‚³‚â‚©,asami_sayaka@example.com,—,2021/11/30,AŒ^,–kŠC“¹,089-275-5161
ŒÃ‘ò Šó,‚Ó‚é‚³‚í ‚Ì‚¼‚İ,furusawa_nozomi@example.com,—,2022/3/18,OŒ^,é‹ÊŒ§,086-635-9292
–x–k “O•½,‚Ù‚è‚«‚½ ‚Ä‚Á‚Ø‚¢,horikita_teppei@example.com,’j,2022/2/19,AŒ^,ìŒ§,0 6-557- 961
â–{ ˆê‘ã,‚³‚©‚à‚Æ ‚©‚¸‚æ,sakamoto_kazuyo@example.com,—,2021/9/30,AŒ^,“Œ‹“s,060-181-3631
¬¼ ‘D,‚±‚Ü‚Â ‚³‚¨‚è,komatsu_saori@example.com,—,2021/10/2,AŒ^,“Œ‹“s,064-225-3518
X‰º ‚È‚¬‚³,‚à‚è‚µ‚½ ‚È‚¬‚³,morishita_nagisa@example.com,—,2021/10/11,AŒ^,‹{éŒ§,017-872-6617
–Î–Ø —Áq,‚à‚¬ ‚è‚å‚¤‚±,mogi_ryouko@example.com,—,2022/2/26,OŒ^,é‹ÊŒ§,084-308-5655
{“c ‚³‚â‚©,‚·‚¾ ‚³‚â‚©,suda_sayaka@example.com,—,2022/2/21,BŒ^,‹{éŒ§,025-209-1210
ˆê–Ø “Õ,‚¢‚¿‚« ‚ ‚Â‚µ,ichiki_atsushi@example.com,’j,2022/4/30,ABŒ^,‘åã•{,031-885-9505
¼‰ª —´‹g,‚Ü‚Â‚¨‚© ‚è‚ã‚¤‚«‚¿,matsuoka_ryuukichi@example.com,’j,2021/8/31,AŒ^,•ºŒÉŒ§,045-744-1555
–k“c t÷,‚«‚½‚¾ ‚Í‚é‚«,kitada_haruki@example.com,—,2022/6/28,AŒ^,‘åã•{,091-252-7837
ó‘q —²‘¾,‚ ‚³‚­‚ç ‚è‚ã‚¤‚½,asakura_ryuuta@example.com,’j,2021/8/10,AŒ^,ÎìŒ§,044-237-5754
•l ˆÇ,‚Í‚Ü ‚ ‚ñ,hama_ann@example.com,—,2021/11/12,OŒ^,_“ŞìŒ§,055-160-1532
•½—Ñ ÷—¢,‚Ğ‚ç‚Î‚â‚µ ‚¶‚ã‚è,hirabayashi_juri@example.com,—,2022/3/12,OŒ^,•ºŒÉŒ§,053-773-6436
”g‘½–ì Œõ,‚Í‚½‚Ì ‚Ğ‚©‚é,hatano_hikaru@example.com,—,2021/11/19,OŒ^,²‰êŒ§,065-879-3030
‘å‰Í“à —m‰î,‚¨‚¨‚±‚¤‚¿ ‚æ‚¤‚·‚¯,ookouchi_yousuke@example.com,’j,2022/2/26,AŒ^,“Œ‹“s,080-712-3175
–ØŒ´ ”ü²,‚«‚Í‚ç ‚İ‚³,kihara_misa@example.com,—,2022/7/4,BŒ^,ŠâèŒ§,070-669-1685
‰€“c ƒtƒ~ƒ„,‚»‚Ì‚¾ ‚Ó‚İ‚â,sonoda_fumiya@example.com,’j,2021/12/1,OŒ^,“Ş—ÇŒ§,091-264- 538
“¡R Œiq,‚Ó‚¶‚â‚Ü ‚¯‚¢‚±,fujiyama_keiko@example.com,—,2021/11/8,BŒ^,RŒûŒ§,058-585-3077
“‡‘Ü i,‚µ‚Ü‚Ô‚­‚ë ‚·‚·‚Ş,shimabukuro_susumu@example.com,’j,2021/12/7,OŒ^,é‹ÊŒ§,087-  1-5011
–ì˜C —çq,‚Ì‚ë ‚ê‚¢‚±,noro_reiko@example.com,—,2021/10/19,OŒ^,_“ŞìŒ§,013-820-4956
‹ß“¡ ˆ¤Ø,‚±‚ñ‚Ç‚¤ ‚ ‚¢‚È,konndou_aina@example.com,—,2022/8/3,AŒ^,–kŠC“¹,085-492-1910
•Ğ•½ ‚ ‚¢,‚©‚½‚Ğ‚ç ‚ ‚¢,katahira_ai@example.com,—,2022/6/10,AŒ^,Šò•ŒŒ§,044-557- 735
…’J ƒWƒ[ƒ‰ƒ‚,‚İ‚¸‚½‚É ‚¶‚ë[‚ç‚à,mizutani_girolamo@example.com,’j,2022/4/27,BŒ^,–kŠC“¹,079-156-2592
ç‰® —F,‚à‚è‚â ‚Æ‚à‚©,moriya_tomoka@example.com,—,2021/12/4,BŒ^,“È–ØŒ§,028-543-1034
óŒ© “q,‚ ‚³‚İ ‚à‚à‚±,asami_momoko@example.com,—,2021/11/22,OŒ^,“Œ‹“s,057-987-2996
“c‘ã —m,‚½‚µ‚ë ‚æ‚¤,tashiro_you@example.com,’j,2022/1/8,OŒ^,_“ŞìŒ§,086-955-1706
Ö“¡ ƒWƒ[ƒ‰ƒ‚,‚³‚¢‚Æ‚¤ ‚¶‚ë[‚ç‚à,saitou_girolamo@example.com,’j,2022/3/19,BŒ^,‘åã•{,057-959-6342
¼‘ò Œ\,‚Ü‚Â‚´‚í ‚¯‚¢,matsuzawa_kei@example.com,’j,2022/2/2,AŒ^,“È–ØŒ§,012- 36-5949
‘åì “Ö,‚¨‚¨‚©‚í ‚ ‚Â‚µ,ookawa_atsushi@example.com,’j,2021/11/7,OŒ^,ÂXŒ§,094-  4-7355
ì–{ ƒPƒ“ƒCƒ`,‚©‚í‚à‚Æ ‚¯‚ñ‚¢‚¿,kawamoto_kenichi@example.com,’j,2022/5/18,AŒ^,ç—tŒ§,033-218-9525
¼Œû ã,‚É‚µ‚®‚¿ ‚·‚Î‚é,nishiguchi_subaru@example.com,’j,2022/2/1,AŒ^,’·èŒ§,096-741-8857
—L‘º ¬Šå,‚ ‚è‚Ş‚ç ‚±‚ª‚ñ,arimura_kogan@example.com,’j,2022/2/11,OŒ^, ‰êŒ§,075-848-3785
‹g–{ ˆ¤q,‚æ‚µ‚à‚Æ ‚ ‚¢‚±,yoshimoto_aiko@example.com,—,2021/10/24,OŒ^,–kŠC“¹,030-787-7202
’·“‡ Š®¢,‚È‚ª‚µ‚Ü ‚©‚ñ‚¶,nagashima_kanji@example.com,’j,2021/9/6,OŒ^, ‰êŒ§,062- 96-6168
¼“c ^—Iq,‚É‚µ‚¾ ‚Ü‚ä‚±,nishida_mayuko@example.com,—,2021/11/20,BŒ^,“‡ªŒ§,045-931-3514
•lè —í“Ş,‚Í‚Ü‚³‚« ‚ê‚È,hamasaki_rena@example.com,—,2022/7/15,OŒ^,ˆ¤’mŒ§,0 9-538-3121
²ŒÃ u,‚³‚± ‚µ‚ã‚ñ,sako_shun@example.com,’j,2021/10/29,AŒ^,“Œ‹“s,066-768-7852
¼ˆä ‚“¶,‚Ü‚Â‚¢ ‚µ‚Ç‚¤,matsui_shidou@example.com,’j,2022/2/9,BŒ^,Ã‰ªŒ§,079-123-5260
²X–Ø Œc“ñ,‚³‚³‚« ‚¯‚¢‚¶,sasaki_keiji@example.com,’j,2022/1/7,OŒ^,•Ÿ‰ªŒ§,055-205-2583
‘q m,‚­‚ç‚à‚¿ ‚¶‚ñ,kuramochi_jin@example.com,’j,2021/11/27,OŒ^,Šò•ŒŒ§,060-660-8894
Î’Ë ‚¾‚ñ‹g,‚¢‚µ‚Ã‚© ‚¾‚ñ‚«‚¿,ishiduka_dankichi@example.com,’j,2022/4/9,OŒ^, ‰êŒ§,011-448-5651
‘å’Î ˆ¤—œ,‚¨‚¨‚Â‚« ‚ ‚¢‚è,ootsuki_airi@example.com,—,2021/10/3,BŒ^,_“ŞìŒ§,019-628-5271
»ì t÷,‚·‚È‚©‚í ‚Í‚é‚«,sunakawa_haruki@example.com,—,2022/3/24,BŒ^,‘åã•{,022-585-  53
”©’† ‰pk,‚Í‚½‚È‚© ‚Ğ‚Å‚Â‚®,hatanaka_hidetsugu@example.com,’j,2022/7/22,AŒ^,ˆ¤’mŒ§,080-303-7972
ŠÛ“c ‚İ‚ä‚«,‚Ü‚é‚½ ‚İ‚ä‚«,maruta_miyuki@example.com,—,2021/8/29,BŒ^,‹“s•{,092-298- 540
’r”¨ ƒGƒŠƒJ,‚¢‚¯‚Í‚½ ‚¦‚è‚©,ikehata_erika@example.com,—,2022/3/9,AŒ^,_“ŞìŒ§,068-995-7253
ŠFì ’©—z,‚İ‚È‚©‚í ‚ ‚³‚Ğ,minakawa_asahi@example.com,—,2022/7/2,BŒ^,Ã‰ªŒ§,066-854-4721
•Ğ‹Ë Œ[‰î,‚©‚½‚¬‚è ‚¯‚¢‚·‚¯,katagiri_keisuke@example.com,’j,2022/3/28,OŒ^,é‹ÊŒ§,021-516-5852
‘å’Ë ‚ ‚³‚İ,‚¨‚¨‚Â‚© ‚ ‚³‚İ,ootsuka_asami@example.com,—,2022/6/15,AŒ^,ˆ¤’mŒ§,097-691-2950
ˆäã —m,‚¢‚Ì‚¤‚¦ ‚æ‚¤,inoue_you@example.com,’j,2022/7/6,OŒ^,R—œŒ§,032-857-5337
—L‰ê ’m¢,‚ ‚è‚ª ‚¿‚¹,ariga_chise@example.com,—,2021/8/21,AŒ^,ˆ¤•QŒ§,039-165-8472
™–{ ãÄ,‚·‚¬‚à‚Æ ‚µ‚å‚¤,sugimoto_shou@example.com,’j,2022/2/21,AŒ^,ç—tŒ§,013-922-2644
‚“‡ –@k,‚½‚©‚µ‚Ü ‚Ù‚¤‚µ,takashima_houshi@example.com,’j,2022/2/18,BŒ^,–kŠC“¹,013-529-7448
â–{ ƒmƒuƒqƒR,‚³‚©‚à‚Æ ‚Ì‚Ô‚Ğ‚±,sakamoto_nobuhiko@example.com,’j,2022/1/13,OŒ^,•ºŒÉŒ§,040-111-8436
‹v•Ä —Sˆê,‚­‚ß ‚ä‚¤‚¢‚¿,kume_yuuichi@example.com,’j,2022/7/29,OŒ^,“È–ØŒ§,026-825-3127
¬o Œõ,‚±‚¢‚Å ‚Ğ‚©‚é,koide_hikaru@example.com,’j,2022/5/30,BŒ^,_“ŞìŒ§,016-578-8751
sŒ´ —y,‚¢‚¿‚Í‚ç ‚Í‚é‚©,ichihara_haruka@example.com,—,2022/6/24,AŒ^,“Œ‹“s,055-939-2240
•ô “ì•ü,‚İ‚Ë ‚È‚¨,mine_nao@example.com,—,2021/8/26,OŒ^,é‹ÊŒ§,067-128-8431
–ì˜C Šî—S,‚Ì‚ë ‚«‚·‚¯,noro_kisuke@example.com,’j,2022/2/17,AŒ^,“Œ‹“s,0 1-788-6739
ŠOR ’Bm,‚»‚Æ‚â‚Ü ‚½‚Â‚Ğ‚Æ,sotoyama_tatsuhito@example.com,’j,2022/1/7,AŒ^,Ã‰ªŒ§,0  -611-4494
‘å’| ”¹m,‚¨‚¨‚½‚¯ ‚µ‚ã‚ñ‚¶,ootake_shunji@example.com,’j,2021/8/7,BŒ^,ÎìŒ§,0 2-173-4453
“cK ˜a‹v,‚½‚¶‚è ‚©‚¸‚Ğ‚³,tajiri_kazuhisa@example.com,’j,2021/12/27,AŒ^,é‹ÊŒ§,093-324-3489
’†ì ‘å÷,‚È‚©‚ª‚í ‚Ğ‚ë‚«,nakagawa_hiroki@example.com,’j,2022/4/29,BŒ^,_“ŞìŒ§,033-564-6797
—Ñ“c ‚³‚Æ‚İ,‚Í‚â‚µ‚¾ ‚³‚Æ‚İ,hayashida_satomi@example.com,—,2022/1/22,OŒ^,‘åã•{,046-474-3362
–ö“c ‚¾‚ñ‹g,‚â‚È‚¬‚¾ ‚¾‚ñ‚«‚¿,yanagida_dankichi@example.com,’j,2022/2/8,AŒ^,_“ŞìŒ§,054-594-5959
¬º ‘‘¾,‚±‚Ş‚ë ‚»‚¤‚½,komuro_souta@example.com,’j,2021/10/30,OŒ^,•Ÿ‰ªŒ§,087-316-5048
HŒ³ ‘,‚ ‚«‚à‚Æ ‚³‚Æ‚µ,akimoto_satoshi@example.com,’j,2022/1/18,BŒ^,•ºŒÉŒ§,024-895-3437
¬“c F‘¾˜Y,‚¨‚¾ ‚±‚¤‚½‚ë‚¤,oda_koutarou@example.com,’j,2021/10/2,OŒ^,“Œ‹“s,0 3-760-5482
ŠC˜VŒ´ •q–ç,‚¦‚Ñ‚Í‚ç ‚Æ‚µ‚â,ebihara_toshiya@example.com,’j,2022/4/19,OŒ^,VŠƒŒ§,044-440-3426
ŒuŒ´ Œb”ü,‚Ù‚Æ‚Í‚ç ‚ß‚®‚İ,hotohara_megumi@example.com,—,2021/10/20,BŒ^,‘åã•{,035-216-3569
²’| ‚ ‚«,‚³‚½‚¯ ‚ ‚«,satake_aki@example.com,—,2022/6/26,AŒ^,ˆ¤’mŒ§,043-720- 436
‰–“c ^“Ş”ü,‚µ‚¨‚½ ‚Ü‚È‚İ,shiota_manami@example.com,—,2022/3/20,AŒ^,ç—tŒ§,046-321-6473
‚‰ª ŒO,‚½‚©‚¨‚© ‚©‚¨‚é,takaoka_kaoru@example.com,’j,2022/4/3,AŒ^,ìŒ§,082-886-9259
––‰i ”Ü—¢,‚·‚¦‚È‚ª ‚ä‚è,suenaga_yuri@example.com,—,2022/6/26,AŒ^,é‹ÊŒ§,080-256-1151
‰ºì ‚³‚Æ‚İ,‚µ‚à‚©‚í ‚³‚Æ‚İ,shimokawa_satomi@example.com,—,2022/4/10,BŒ^,²‰êŒ§,058-723-5552
”Ñ–ì ƒqƒJƒ‹,‚¢‚¢‚Ì ‚Ğ‚©‚é,iino_hikaru@example.com,—,2021/12/14,BŒ^,Šò•ŒŒ§,0 9-130-6904
“y‹´ ˆêŒb,‚Â‚¿‚Í‚µ ‚©‚Ã‚¦,tsuchihashi_kadue@example.com,—,2022/4/7,OŒ^,VŠƒŒ§,068-813-7131
‹{è ˆ¤,‚İ‚â‚´‚« ‚ ‚¢,miyazaki_ai@example.com,—,2021/12/28,AŒ^,ˆ¤’mŒ§,032-823-8751
Šİ“c ˆê‹P,‚«‚µ‚¾ ‚©‚¸‚«,kishida_kazuki@example.com,’j,2022/3/1,AŒ^,•ºŒÉŒ§,044-956-4575
a’J t÷,‚µ‚Ô‚â ‚Í‚é‚«,shibuya_haruki@example.com,—,2022/3/14,AŒ^,’·–ìŒ§,073-695-9253
‹Ê“c À,‚½‚Ü‚¾ ‚©‚Â‚İ,tamada_katsumi@example.com,’j,2022/1/30,OŒ^,ˆïéŒ§,049-542-6910
ÎR Œc‘¾,‚¢‚µ‚â‚Ü ‚¯‚¢‚½,ishiyama_keita@example.com,’j,2021/11/13,AŒ^,ç—tŒ§,074-184-1939
{“¡ Wi,‚·‚Ç‚¤ ‚±‚¤‚¶,sudou_kouji@example.com,’j,2022/7/7,AŒ^,“Ş—ÇŒ§,048-872-5342
’Øˆä F‘¾˜Y,‚Â‚Ú‚¢ ‚±‚¤‚½‚ë‚¤,tsuboi_koutarou@example.com,’j,2021/10/31,OŒ^,•Ÿ‰ªŒ§,077- 84-2453
ŒÃ‘ò ^”¿,‚Ó‚é‚³‚í ‚Ü‚Ù,furusawa_maho@example.com,—,2022/1/29,AŒ^,–kŠC“¹,039-768-8962
‰F–ì –¾G,‚¤‚Ì ‚ ‚«‚Ğ‚ë,uno_akihiro@example.com,’j,2021/8/17,OŒ^,Ã‰ªŒ§,031-626-1838
‰ï“c “Õ,‚ ‚¢‚¾ ‚¶‚ã‚ñ,aida_jun@example.com,’j,2021/11/10,AŒ^,‰ªRŒ§,065-371-8928
‘êì ”ü—D,‚½‚«‚ª‚í ‚İ‚ã‚¤,takigawa_myuu@example.com,—,2022/3/30,AŒ^,Ã‰ªŒ§,016-541-8900
¬’r Gs,‚±‚¢‚¯ ‚Ğ‚ë‚ä‚«,koike_hiroyuki@example.com,’j,2022/7/24,AŒ^,ŒQ”nŒ§,058-849-7012
—L“c Œc“ñ,‚ ‚è‚½ ‚¯‚¢‚¶,arita_keiji@example.com,’j,2022/7/20,AŒ^,“Œ‹“s,024-511-7227
’†ª ’©,‚È‚©‚Ë ‚ ‚³‚©,nakane_asaka@example.com,—,2022/5/25,AŒ^,–kŠC“¹,058-338-5224
‚‹´ ‚³‚Æ‚İ,‚½‚©‚Í‚µ ‚³‚Æ‚İ,takahashi_satomi@example.com,—,2021/9/16,AŒ^,‹{èŒ§,060-495-5139
¬Š}Œ´ —F–ç,‚¨‚ª‚³‚í‚ç ‚Æ‚à‚â,ogasawara_tomoya@example.com,’j,2022/1/30,BŒ^,’¹æŒ§,0 8-612-2079
oŒû u,‚Å‚®‚¿ ‚µ‚ã‚ñ,deguchi_shun@example.com,—,2022/6/17,AŒ^,‘å•ªŒ§,074-743-9654
¡ˆä ‚³‚ñ‚Ü,‚¢‚Ü‚¢ ‚³‚ñ‚Ü,imai_sanma@example.com,’j,2022/3/3,OŒ^,ˆ¤•QŒ§,018-533-9177
ˆÉ“¡ Œb—œ,‚¢‚Æ‚¤ ‚¦‚è‚©,itou_erika@example.com,—,2022/1/28,BŒ^,ˆ¤’mŒ§,0 8-277-5327
…’J –¢˜Ò,‚İ‚¸‚½‚É ‚İ‚ç‚¢,mizutani_mirai@example.com,’j,2021/10/31,ABŒ^,_“ŞìŒ§,0 5-866-7315
ìã –¢˜Ò,‚©‚í‚©‚İ ‚İ‚ç‚¢,kawakami_mirai@example.com,—,2021/12/25,AŒ^,“Œ‹“s,012-482-5813
‘å—Ñ Œ÷•â,‚¨‚¨‚Î‚â‚µ ‚±‚¤‚·‚¯,oobayashi_kousuke@example.com,’j,2022/6/14,BŒ^,’·–ìŒ§,081-588-2135
‚‘º ^”¿,‚½‚©‚Ş‚ç ‚Ü‚Ù,takamura_maho@example.com,—,2022/4/6,OŒ^,–kŠC“¹,047-178-6058
–ìã ”ü—D,‚Ì‚ª‚İ ‚İ‚ã‚¤,nogami_myuu@example.com,—,2021/12/12,ABŒ^,•ºŒÉŒ§,077-833-5008
“¡è —SŠî,‚Ó‚¶‚³‚« ‚ä‚¤‚«,fujisaki_yuuki@example.com,’j,2022/7/22,BŒ^,’·èŒ§,035-514- 468
oŒû ‰Ä‹ó,‚Å‚®‚¿ ‚»‚ç,deguchi_sora@example.com,—,2021/11/2,OŒ^,“Œ‹“s,041-320-9889
¬ò ØX”ü,‚±‚¢‚¸‚İ ‚È‚È‚İ,koizumi_nanami@example.com,—,2021/11/20,AŒ^, ‰êŒ§,016-611-2144
‰œ‘º —Áq,‚¨‚­‚Ş‚ç ‚è‚å‚¤‚±,okumura_ryouko@example.com,—,2021/9/23,AŒ^,“Œ‹“s,029-836-2499
“ì OÈ,‚İ‚È‚İ ‚³‚ñ‚¹‚¢,minami_sansei@example.com,’j,2021/10/1,AŒ^,•ºŒÉŒ§,079-554-8734
•Ğ‹Ë ‘å÷,‚©‚½‚¬‚è ‚Ğ‚ë‚«,katagiri_hiroki@example.com,’j,2022/3/24,OŒ^,ŠâèŒ§,0 1-544-5307
R’† ‚È‚Â‚İ,‚â‚Ü‚È‚© ‚È‚Â‚İ,yamanaka_natsumi1@example.com,—,2021/8/19,AŒ^,Šò•ŒŒ§,058- 14-5529
‘å’J ˆ¤,‚¨‚¨‚½‚É ‚ ‚¢,ootani_ai@example.com,—,2021/8/24,ABŒ^,’¹æŒ§,047-646-3287
‹ß“¡ ~q,‚±‚ñ‚Ç‚¤ ‚ ‚Â‚±,kondou_atsuko@example.com,—,2021/9/21,OŒ^,“Œ‹“s,035-935-8668
–{ŠÔ •Ä‘ ,‚Ù‚ñ‚Ü ‚æ‚Ë‚¼‚¤,honma_yonezou@example.com,’j,2022/2/3,ABŒ^,“Œ‹“s,0 5- 62-8757
‘å’Ø ‘ñ˜Y,‚¨‚¨‚Â‚Ú ‚½‚­‚ë‚¤,ootsubo_takurou@example.com,’j,2022/5/6,AŒ^,RŒûŒ§,028-800-3699
•ŸŒ´ ƒƒCƒT,‚Ó‚­‚Í‚ç ‚ß‚¢‚³,fukuhara_meisa@example.com,—,2022/4/11,AŒ^,é‹ÊŒ§,019- 84-3204
“›ˆä —Sˆê,‚Â‚Â‚¢ ‚ä‚¤‚¢‚¿,tsutsui_yuuichi@example.com,’j,2021/8/15,OŒ^,“Œ‹“s,094-544-3777
‰Y“c —æ“ß,‚¤‚ç‚½ ‚ê‚È,urata_rena@example.com,—,2022/2/9,AŒ^,‘åã•{,099-560-3893
•ì ‰èˆÈ,‚­‚ë‚©‚í ‚ß‚¢,kurokawa_mei@example.com,—,2021/8/15,OŒ^,ˆïéŒ§,086-111-9599
ŒuŒ´ ‰Ô—Î,‚Ù‚Æ‚Í‚ç ‚©‚ë‚­,hotohara_karoku@example.com,’j,2022/3/6,ABŒ^,ŒQ”nŒ§,031-620-9222
ãğ —E,‚©‚İ‚¶‚å‚¤ ‚ä‚¤,kamijou_yuu@example.com,—,2022/6/15,AŒ^,R—œŒ§,013-603- 329
•l“c âw,‚Í‚Ü‚¾ ‚æ‚¤,hamada_you@example.com,—,2022/5/25,AŒ^,“¿“‡Œ§,096-693-9857
‹{–{ ‹±q,‚İ‚â‚à‚Æ ‚«‚å‚¤‚±,miyamoto_kyouko@example.com,—,2021/9/5,AŒ^,ç—tŒ§,082-374-2428
ŠÖª ‚È‚Â‚İ,‚¹‚«‚Ë ‚È‚Â‚İ,sekine_natsumi@example.com,—,2022/1/30,AŒ^,‹“s•{,070-921- 151
’†‰€ ‚ ‚¢,‚È‚©‚¼‚Ì ‚ ‚¢,nakazono_ai@example.com,—,2022/8/3,AŒ^,“Œ‹“s,018-874-6128
¬–ì“c —E‰î,‚¨‚Ì‚¾ ‚ä‚¤‚·‚¯,onoda_yuusuke@example.com,’j,2021/8/9,AŒ^,’·èŒ§,0 6-746-3408
”’–Ø —C,‚µ‚ç‚« ‚½‚·‚­,shiraki_tasuku@example.com,’j,2021/8/24,OŒ^,‘åã•{,074-649-7430
“‡–{ Ÿ‹v,‚µ‚Ü‚à‚Æ ‚©‚Â‚Ğ‚³,shimamoto_katsuhisa@example.com,’j,2021/9/11,OŒ^,˜a‰ÌRŒ§,056-565-4324
—é–Ø ˆ»—,‚·‚¸‚« ‚ ‚â‚ß,suzuki_ayame@example.com,—,2022/3/23,ABŒ^,•ºŒÉŒ§,081-150-5798
‚‹´ Š°¡,‚½‚©‚Í‚µ ‚©‚ñ‚¶,takahashi_kanji@example.com,’j,2022/1/7,AŒ^,é‹ÊŒ§,074-896-6125
^ ƒPƒ“ƒCƒ`,‚¦‚Ñ‚· ‚¯‚ñ‚¢‚¿,ebisu_kenichi@example.com,’j,2021/11/30,OŒ^,‘åã•{,094-577-3281
ŒË“c ‚Ğ‚ë‚İ,‚Æ‚¾ ‚Ğ‚ë‚İ,toda_hiromi@example.com,—,2021/11/11,OŒ^,˜a‰ÌRŒ§,020-361-9164
¼“c –Î÷,‚É‚µ‚¾ ‚µ‚°‚«,nishida_shigeki@example.com,’j,2022/6/10,AŒ^,“Œ‹“s,013-474-2558
“ß{ ‹Î,‚È‚· ‚Â‚Æ‚Ş,nasu_tsutomu@example.com,’j,2022/2/21,OŒ^,‰«“êŒ§,046-236-2409
‚£ N•¶,‚½‚©‚¹ ‚â‚·‚Ó‚İ,takase_yasufumi@example.com,’j,2022/3/4,BŒ^,“Œ‹“s,069-289-7575
H“c Œ›ˆê,‚ ‚«‚½ ‚¯‚ñ‚¢‚¿,akita_kenichi@example.com,’j,2021/10/17,ABŒ^,RŒûŒ§,0 1- 78-1498
™Œ´ õŒÜ˜Y,‚·‚¬‚Í‚ç ‚»‚ß‚²‚ë‚¤,sugihara_somegorou@example.com,’j,2022/3/27,OŒ^,Ã‰ªŒ§,072-322-7942
‹yì —Á,‚¨‚¢‚©‚í ‚è‚å‚¤,oikawa_ryou@example.com,—,2022/2/13,AŒ^,•ºŒÉŒ§,084-455-3738
‹ÊR ‹q,‚½‚Ü‚â‚Ü ‚«‚å‚¤‚±,tamayama_kyouko@example.com,—,2021/10/17,BŒ^,é‹ÊŒ§,075- 18-4471
–xì ÷—¢,‚Ù‚è‚©‚í ‚¶‚ã‚è,horikawa_juri@example.com,—,2022/7/27,AŒ^,‚’mŒ§,025-663-5417
“¡‰ª ‹Gˆß,‚Ó‚¶‚¨‚© ‚Æ‚µ‚¦,fujioka_toshie@example.com,—,2022/7/28,OŒ^,é‹ÊŒ§,031-162-9010
ˆÀ’B ˆê,‚ ‚¾‚¿ ‚Í‚¶‚ß,adachi_hajime@example.com,’j,2021/8/31,BŒ^,ç—tŒ§,027-244-3383
‘åò —Sˆê,‚¨‚¨‚¢‚¸‚İ ‚ä‚¤‚¢‚¿,ooizumi_yuuichi@example.com,’j,2021/10/9,AŒ^,‹{éŒ§,080-262-3643
”nê ”ü˜aq,‚Î‚Î ‚İ‚í‚±,baba_miwako@example.com,—,2022/3/3,OŒ^,“È–ØŒ§,031-417-6552
› ˜\˜Y,‚·‚ª ‚ë‚­‚ë‚¤,suga_rokurou@example.com,’j,2022/1/31,BŒ^,ˆïéŒ§,053-169-7173
A–Ø —y,‚¤‚¦‚« ‚Í‚é‚©,ueki_haruka@example.com,—,2022/3/30,AŒ^,’·–ìŒ§,076-293-3605
•½‰ê G—²,‚Ğ‚ç‚ª ‚Ğ‚Å‚½‚©,hiraga_hidetaka@example.com,’j,2022/1/14,BŒ^,•ºŒÉŒ§,059-299-6312
•Ÿm ‘‹I,‚Ó‚­‚µ ‚³‚«,fukushi_saki@example.com,—,2021/11/13,OŒ^,“Œ‹“s,048-  8-7726
{“c ˆÇ,‚·‚¾ ‚ ‚ñ,suda_ann@example.com,—,2022/2/6,OŒ^,ç—tŒ§,048-565-3978
‰–Œ© õŒÜ˜Y,‚µ‚¨‚İ ‚»‚ß‚²‚ë‚¤,shiomi_somegorou@example.com,’j,2022/7/14,AŒ^,ÎìŒ§,059- 11-4259
…–ì ‚µ‚Ù‚è,‚İ‚¸‚Ì ‚µ‚Ù‚è,mizuno_shihori@example.com,—,2022/1/24,AŒ^,•Ÿ“‡Œ§,059-528-2375
‘å‚ –ƒ—Rq,‚¨‚¨‚¾‚© ‚Ü‚ä‚±,oodaka_mayuko@example.com,—,2021/11/19,BŒ^,²‰êŒ§,019-596-1102
•Ğ‰ª ”¹m,‚©‚½‚¨‚© ‚µ‚ã‚ñ‚¶,kataoka_shunji@example.com,’j,2021/11/13,AŒ^,‹“s•{,086- 34-6904
’·è –¢‰Øq,‚È‚ª‚³‚« ‚İ‚©‚±,nagasaki_mikako@example.com,—,2022/5/10,AŒ^,ÎìŒ§,035-913-7651
H“¡ –,‚­‚Ç‚¤ ‚İ‚Â‚é,kudou_mitsuru@example.com,’j,2021/11/14,OŒ^,˜a‰ÌRŒ§,071-611-2403
ã‘º ½¡,‚¤‚¦‚Ş‚ç ‚¹‚¢‚¶,uemura_seiji@example.com,’j,2021/11/14,AŒ^,“È–ØŒ§,076-821-6204
á™ ƒWƒ‡[ƒW,‚í‚©‚·‚¬ ‚¶‚å[‚¶,wakasugi_george@example.com,’j,2022/6/22,OŒ^,_“ŞìŒ§,045-898-2564
’Ò–{ “w,‚Â‚¶‚à‚Æ ‚Â‚Æ‚Ş,tsujimoto_tsutomu@example.com,’j,2022/8/2,AŒ^,’¹æŒ§,034-988-9522
‹à’J ƒƒCƒT,‚©‚È‚â ‚ß‚¢‚³,kanaya_meisa@example.com,—,2022/2/19,ABŒ^,“È–ØŒ§,052-634-9625
Î“c Œ[‰î,‚¢‚µ‚¾ ‚¯‚¢‚·‚¯,ishida_keisuke@example.com,’j,2021/11/28,AŒ^,“Œ‹“s,083-893-1434
óŒ© Œ“,‚ ‚³‚İ ‚¯‚ñ,asami_ken@example.com,’j,2021/9/9,BŒ^,•ºŒÉŒ§,038-263-5550
¼‰º ÷—¢,‚Ü‚Â‚µ‚½ ‚¶‚ã‚è,matsushita_juri@example.com,—,2021/11/18,AŒ^,ìŒ§,051-220- 108
ˆäŒû •q˜a,‚¢‚®‚¿ ‚Æ‚µ‚©‚¸,iguchi_toshikazu@example.com,’j,2022/1/8,BŒ^,’·–ìŒ§,0 7-571-9914
“cK —²”V‰î,‚½‚¶‚è ‚è‚ã‚¤‚Ì‚·‚¯,tajiri_ryuunosuke@example.com,’j,2022/6/11,ABŒ^,ç—tŒ§,085-544-9105
óˆä –¾“ú,‚ ‚³‚¢ ‚ß‚¢‚Ñ,asai_meibi@example.com,—,2022/2/24,BŒ^,H“cŒ§,065-170-8591
‘ò‘º ‰ë•F,‚³‚í‚Ş‚ç ‚Ü‚³‚Ğ‚±,sawamura_masahiko@example.com,’j,2022/4/16,OŒ^,_“ŞìŒ§,071-853-2343
Œ´ ^ˆê,‚Í‚ç ‚µ‚ñ‚¢‚¿,hara_shinichi@example.com,’j,2022/4/2,ABŒ^,“Œ‹“s,0  -141-2260
’Ò õX‰Ô,‚Â‚¶ ‚·‚¸‚©,tsuji_suzuka@example.com,—,2021/10/11,OŒ^,‹{èŒ§,073-143- 403
­è‘Ü —R÷,‚µ‚©‚Ä‚Ô‚­‚ë ‚ä‚«,shikatebukuro_yuki@example.com,—,2021/8/29,AŒ^,ŠâèŒ§,086-858-3721
RŒû ƒTƒ“ƒ^ƒ}ƒŠƒA,‚â‚Ü‚®‚¿ ‚³‚ñ‚½‚Ü‚è‚ ,yamaguchi_stmaria@example.com,’j,2022/5/5,ABŒ^,‰ªRŒ§,069-946-6487
•½”ö —L‹NÆ,‚Ğ‚ç‚¨ ‚ä‚«‚â,hirao_yukiya@example.com,’j,2021/9/2,AŒ^,_“ŞìŒ§,012-773-8227
•è ˆ»—,‚­‚ë‚³‚« ‚ ‚â‚ß,kurosaki_ayame@example.com,—,2022/6/24,OŒ^,‰ªRŒ§,012-879-7169
›“c Œ«“ñ,‚Ä‚ç‚¾ ‚¯‚ñ‚¶,terada_kenji@example.com,’j,2022/1/6,AŒ^,‘å•ªŒ§,072-634-4652
‰« “q,‚¨‚« ‚à‚à‚±,oki_momoko@example.com,—,2022/5/18,OŒ^,ÂXŒ§,014-208-1700
ãğ –L,‚©‚İ‚¶‚å‚¤ ‚ä‚½‚©,kamijou_yutaka@example.com,’j,2021/11/28,AŒ^,L“‡Œ§,0 1-756-6491
›¼ ’¼l,‚Ä‚ç‚É‚µ ‚È‚¨‚Æ,teranishi_naoto@example.com,’j,2022/6/4,OŒ^,ˆ¤’mŒ§,073-505-1939
‰iR ƒmƒuƒqƒR,‚È‚ª‚â‚Ü ‚Ì‚Ô‚Ğ‚±,nagayama_nobuhiko@example.com,’j,2021/10/11,BŒ^,“Œ‹“s,054-488-7731
‘º¼ —Sˆê,‚Ş‚ç‚Ü‚Â ‚ä‚¤‚¢‚¿,muramatsu_yuuichi@example.com,’j,2022/8/3,AŒ^,ç—tŒ§,0 4-144-5441
Šâ‘º ç,‚¢‚í‚Ş‚ç ‚³‚«,iwamura_saki@example.com,—,2021/12/17,ABŒ^,‰ªRŒ§,072-848-7702
…è ”¹m,‚İ‚³‚« ‚µ‚ã‚ñ‚¶,misaki_shunji@example.com,’j,2021/11/23,AŒ^,ˆ¤’mŒ§,013-802-6295
¼’J ‚j,‚Ü‚Â‚½‚É ‚½‚©‚µ,matsutani_takashi@example.com,’j,2021/8/14,BŒ^,ˆïéŒ§,096-535-2488
‘ò“c ƒWƒ‡[ƒW,‚³‚í‚¾ ‚¶‚å[‚¶,sawada_george@example.com,’j,2022/6/5,AŒ^,‘åã•{,064- 53- 906
‘åX Œb—œ,‚¨‚¨‚à‚è ‚¦‚è‚©,oomori_erika@example.com,—,2022/8/1,OŒ^,‰ªRŒ§,043-550-5630
‹Ê–Ø Œiq,‚½‚Ü‚« ‚¯‚¢‚±,tamaki_keiko@example.com,—,2022/8/3,OŒ^,VŠƒŒ§,020-597- 213
•l“c ‚³‚ñ‚Ü,‚Í‚Ü‚¾ ‚³‚ñ‚Ü,hamada_sanma@example.com,’j,2022/4/24,OŒ^,é‹ÊŒ§,091-564-3061
‹yì Œbq,‚¨‚¢‚©‚í ‚¯‚¢‚±,oikawa_keiko@example.com,—,2021/9/16,OŒ^,‘åã•{,0 8-484-1211
•½—Ñ ã,‚Ğ‚ç‚Î‚â‚µ ‚·‚Î‚é,hirabayashi_subaru@example.com,’j,2022/1/31,BŒ^,RŒ`Œ§,061-993-2815
™R V‘¾,‚·‚¬‚â‚Ü ‚ ‚ç‚½,sugiyama_arata@example.com,’j,2022/4/24,OŒ^,“Œ‹“s,022-863-1861
Œã“¡ Wi,‚²‚Æ‚¤ ‚±‚¤‚¶,gotou_kouji@example.com,’j,2022/6/7,AŒ^,•ºŒÉŒ§,062-496-8570
‘ŠŒ´ ‚Ğ‚ëq,‚ ‚¢‚Í‚ç ‚Ğ‚ë‚±,aihara_hiroko@example.com,—,2022/3/15,BŒ^,ŠâèŒ§,040-394-6513
‹{è ‘D,‚İ‚â‚´‚« ‚³‚¨‚è,miyazaki_saori@example.com,—,2021/9/14,OŒ^,RŒûŒ§,075-882-2801
O‘D —TŸ˜Y,‚İ‚Ó‚Ë ‚ä‚¤‚¶‚ë‚¤,mifune_yuujirou@example.com,’j,2022/5/6,AŒ^,_“ŞìŒ§,049-175-8061
‹Ê–Ø ˆÇ,‚½‚Ü‚« ‚ ‚ñ,tamaki_ann@example.com,—,2022/7/31,BŒ^,–kŠC“¹,080-314-3901
‰iˆä MŒá,‚È‚ª‚¢ ‚µ‚ñ‚²,nagai_shingo@example.com,’j,2022/1/10,BŒ^,ç—tŒ§,021-315-6841
ŒÃ‰® Œ÷•â,‚Ó‚é‚â ‚±‚¤‚·‚¯,furuya_kousuke@example.com,’j,2022/2/7,OŒ^,‘åã•{,0 1-262-6425
“¡‰ª “N•½,‚Ó‚¶‚¨‚© ‚Ä‚Á‚Ø‚¢,fujioka_teppei@example.com,’j,2021/9/8,AŒ^,VŠƒŒ§,020-585- 508
ã–ì ŒO,‚¤‚¦‚Ì ‚©‚¨‚é,ueno_kaoru@example.com,—,2021/9/9,BŒ^,VŠƒŒ§,014- 84-2264
¼”ö ŒO,‚Ü‚Â‚¨ ‚©‚¨‚é,matsuo_kaoru@example.com,’j,2021/10/13,OŒ^,‹{éŒ§,025-571-9028
•‘ò ‹q,‚­‚ë‚³‚í ‚«‚å‚¤‚±,kurosawa_kyouko@example.com,—,2021/8/27,AŒ^,ˆïéŒ§,082-917-6584
ã–{ ‚Ğ‚©‚è,‚³‚©‚à‚Æ ‚Ğ‚©‚è,sakamoto_hikari@example.com,—,2021/8/20,BŒ^,ÎìŒ§,0 9-742-1718
_ŒË ”ü˜aq,‚±‚¤‚× ‚İ‚í‚±,koube_miwako@example.com,—,2022/3/28,OŒ^,ŠâèŒ§,012- 51-7418
‘”ü ‚ß‚®‚İ,‚Í‚â‚İ ‚ß‚®‚İ,hayami_megumi@example.com,—,2021/12/13,AŒ^,“Œ‹“s,052-720- 877
‚Æ‚æ‚½ —²,‚Æ‚æ‚½ ‚½‚©‚µ,toyota_takashi@example.com,’j,2021/12/12,AŒ^,ŒF–{Œ§,029- 93-4444
ˆäŒ´ ³•q,‚¢‚Í‚ç ‚Ü‚³‚Æ‚µ,ihara_masatoshi@example.com,’j,2022/4/7,BŒ^,é‹ÊŒ§,091-962-7714
‰¬Œ´ ç,‚Í‚¬‚í‚ç ‚³‚«,hagiwara_saki@example.com,—,2022/6/15,AŒ^,Ã‰ªŒ§,088-386-6477
¬—Ñ —´‹g,‚±‚Î‚â‚µ ‚è‚ã‚¤‚«‚¿,kobayashi_ryuukichi@example.com,’j,2021/10/10,ABŒ^,_“ŞìŒ§,056-154-9382
˜ZŠp —çq,‚ë‚Á‚©‚­ ‚ê‚¢‚±,rokkaku_reiko@example.com,—,2021/12/11,OŒ^,ˆïéŒ§,078-859- 136
ã“c G÷,‚¤‚¦‚¾ ‚Ğ‚Å‚«,ueda_hideki@example.com,’j,2021/11/27,AŒ^,‘åã•{,028-771-1429
ŠÖª õŒÜ˜Y,‚¹‚«‚Ë ‚»‚ß‚²‚ë‚¤,sekine_somegorou@example.com,’j,2022/6/15,ABŒ^,RŒ`Œ§,097- 78-3867
L£ ‚Í‚é‚İ,‚Ğ‚ë‚¹ ‚Í‚é‚İ,hirose_harumi@example.com,—,2022/6/5,AŒ^,•Ÿ‰ªŒ§,064- 33-2727
–ìè ‘å,‚Ì‚´‚« ‚Ü‚³‚é,nozaki_masaru@example.com,’j,2022/4/12,AŒ^,‘åã•{,092-844-2642
¬º ‰èˆÈ,‚±‚Ş‚ë ‚ß‚¢,komuro_mei@example.com,—,2021/9/18,BŒ^,“Œ‹“s,030-378-1972
¬–ì“c “q,‚¨‚Ì‚¾ ‚à‚à‚±,onoda_momoko@example.com,—,2022/1/29,AŒ^,ˆ¤’mŒ§,096-663-3148
‰Í–ì —E‘¾,‚©‚í‚Ì ‚ä‚¤‚½,kawano_yuuta@example.com,’j,2022/2/11,AŒ^,_“ŞìŒ§,027-515-7604
¬“c ‚³‚â‚©,‚¨‚¾ ‚³‚â‚©,oda_sayaka@example.com,—,2021/10/17,OŒ^,“È–ØŒ§,029-290-6763
•Ğ•½ O˜Y,‚©‚½‚Ğ‚ç ‚³‚Ô‚ë‚¤,katahira_saburou@example.com,’j,2022/3/3,OŒ^,ˆ¤’mŒ§,091-441-  26
–k‘º “Õ,‚«‚½‚Ş‚ç ‚¶‚ã‚ñ,kitamura_jun@example.com,’j,2021/8/23,OŒ^,ÂXŒ§,081-912-6190
ˆäŒ´ —³Ÿ,‚¢‚Í‚ç ‚è‚ã‚¤‚¶,ihara_ryuuji@example.com,’j,2022/4/21,OŒ^,ˆ¤’mŒ§,060-554-4380
Ÿ“c Œõ,‚©‚Â‚¾ ‚Ğ‚©‚é,katsuda_hikaru@example.com,—,2022/3/12,AŒ^,ŒF–{Œ§,094-335-9873
›‘ò Œ÷•â,‚Ä‚ç‚³‚í ‚±‚¤‚·‚¯,terasawa_kousuke@example.com,’j,2022/4/13,AŒ^,R—œŒ§,019-451-8896
–x–k ‚©‚¨‚è,‚Ù‚è‚«‚½ ‚©‚¨‚è,horikita_kaori@example.com,—,2022/2/22,AŒ^,ç—tŒ§,027-388-8482
‘Š“c “O,‚ ‚¢‚¾ ‚Æ‚¨‚é,aida_tohru@example.com,’j,2022/4/19,AŒ^,‘åã•{,040-418-2642
–k ”–¾,‚«‚½ ‚Ğ‚ë‚ ‚«,kita_hiroaki@example.com,’j,2021/9/11,BŒ^,“Œ‹“s,070-222-7470
“à“¡ •}÷,‚È‚¢‚Æ‚¤ ‚à‚Æ‚«,naitou_motoki@example.com,’j,2022/2/8,BŒ^,ˆ¤’mŒ§,090- 47-4020
“ú‰º r‰î,‚Ğ‚Ì‚µ‚½ ‚µ‚ã‚ñ‚·‚¯,hinoshita_shunsuke@example.com,’j,2022/7/17,AŒ^,R—œŒ§,078-780-5226
Ô¼ ‘¾˜N,‚ ‚©‚Ü‚Â ‚½‚ë‚¤,akamatsu_tarou@example.com,’j,2021/11/27,AŒ^,•ºŒÉŒ§,097-407-8694
“‡“c ³‹`,‚µ‚Ü‚¾ ‚Ü‚³‚æ‚µ,shimada_masayoshi@example.com,’j,2021/11/25,AŒ^,é‹ÊŒ§,076-643-4451
ˆÀÖ Œb—œ,‚ ‚ñ‚´‚¢ ‚¦‚è‚©,annzai_erika@example.com,—,2022/4/15,AŒ^,é‹ÊŒ§,091-607-1077
÷ˆä Œ«¡,‚³‚­‚ç‚¢ ‚¯‚ñ‚¶,sakurai_kenji@example.com,’j,2022/7/7,BŒ^,“Œ‹“s,081-244-5301
D“c •¶¢,‚¨‚¾ ‚Ó‚İ‚æ,oda_fumiyo@example.com,—,2022/1/3,BŒ^,ˆ¤’mŒ§,023-217-4782
“Ş—Ç Œõ—Ç,‚È‚ç ‚Ä‚é‚æ‚µ,nara_teruyoshi@example.com,’j,2021/11/3,BŒ^,•Ÿ‰ªŒ§,090-773-8493
–q£ m»,‚Ü‚«‚¹ ‚Ğ‚ë‚ ‚«,makise_hiroaki@example.com,’j,2022/1/19,ABŒ^,ç—tŒ§,048-491-4298
•½”ö —Sˆê,‚Ğ‚ç‚¨ ‚ä‚¤‚¢‚¿,hirao_yuuichi@example.com,’j,2021/11/20,ABŒ^,’·–ìŒ§,065-574-9174
L–– —zq,‚Ğ‚ë‚·‚¦ ‚æ‚¤‚±,hirosue_youko@example.com,—,2022/7/20,BŒ^,é‹ÊŒ§,080-794-6926
‘Î”n Œb—œ,‚Â‚µ‚Ü ‚¦‚è‚©,tsushima_erika@example.com,—,2021/11/11,AŒ^,‘åã•{,0  -672-2959
•’J ‰pk,‚­‚ë‚½‚É ‚Ğ‚Å‚Â‚®,kurotani_hidetsugu@example.com,’j,2022/5/25,AŒ^,é‹ÊŒ§,041-413-2003
Â–Ø ‚ ‚¢,‚ ‚¨‚« ‚ ‚¢,aoki_ai@example.com,—,2022/3/2,OŒ^,RŒûŒ§,077-892-2397
‰F“cì —Ti,‚¤‚¾‚ª‚í ‚ä‚¤‚¶,udagawa_yuuji@example.com,’j,2022/6/19,OŒ^,ÂXŒ§,081-524-4599
¼“‡ —zq,‚É‚µ‚¶‚Ü ‚æ‚¤‚±,nishijima_youko@example.com,—,2022/5/30,AŒ^,•Ÿ“‡Œ§,082-561-9319
ˆ»¬˜H ”ü‹I,‚ ‚â‚Ì‚±‚¤‚¶ ‚İ‚«,ayanokouji_miki@example.com,—,2021/12/18,AŒ^,“Œ‹“s,013-526-5978
’†Œ´ ‚ ‚¢,‚È‚©‚Í‚ç ‚ ‚¢,nakahara_ai@example.com,—,2021/12/12,AŒ^,²‰êŒ§,079-701-8435
‰©ì“c ‚İ‚ä‚«,‚«‚©‚í‚¾ ‚İ‚ä‚«,kikawada_miyuki@example.com,—,2021/11/22,AŒ^,‹{éŒ§,095- 99- 720
’·£ “w,‚È‚ª‚¹ ‚Â‚Æ‚Ş,nagase_tsutomu@example.com,’j,2022/1/25,OŒ^,•ºŒÉŒ§,076-232-3238
¼àV Œ‹ˆß,‚Ü‚Â‚´‚í ‚ä‚¢,matsuzawa_yui@example.com,—,2022/5/15,OŒ^,‹“s•{,073-949-4872
[“c Æ¶,‚Ó‚©‚¾ ‚Ä‚é‚¨,fukada_teruo@example.com,’j,2021/11/14,AŒ^,‘åã•{,013-582-3273
–ö‘ò Œc‘¾,‚â‚È‚¬‚³‚í ‚¯‚¢‚½,yanagisawa_keita@example.com,’j,2022/1/24,AŒ^,“Œ‹“s,074-432-4897
ˆÀ“c ‚ß‚®‚İ,‚â‚·‚¾ ‚ß‚®‚İ,yasuda_megumi@example.com,—,2022/1/22,AŒ^,ˆ¤’mŒ§,091-219-4203
²‹vŠÔ ½¡,‚³‚­‚Ü ‚¹‚¢‚¶,sakuma_seiji@example.com,’j,2021/9/21,OŒ^,RŒ`Œ§,0  -646-9500
’Ò–{ ’©—z,‚Â‚¶‚à‚Æ ‚ ‚³‚Ğ,tsujimoto_asahi@example.com,—,2021/8/14,AŒ^,é‹ÊŒ§,0 7-528-9469
­‰ê —E‰î,‚©‚ª ‚ä‚¤‚·‚¯,kaga_yuusuke@example.com,’j,2022/3/29,AŒ^,ç—tŒ§,0  -571-6233
“‡’Ã ”üK,‚µ‚Ü‚Ã ‚İ‚ä‚«,shimadu_miyuki@example.com,—,2022/5/25,OŒ^,–kŠC“¹,045-645-5808
‘]ª ‚Ü‚È‚İ,‚»‚Ë ‚Ü‚È‚İ,sone_manami@example.com,—,2022/4/17,BŒ^,‹“s•{,072-764-9610
“’ó Œ[‰î,‚ä‚ ‚³ ‚¯‚¢‚·‚¯,yuasa_keisuke@example.com,’j,2021/12/3,AŒ^,‹“s•{,071-915-9151
‰Y–ì ç,‚¤‚ç‚Ì ‚Ü‚à‚é,urano_mamoru@example.com,’j,2021/12/27,AŒ^,ç—tŒ§,021-651-4574
‹« m,‚³‚©‚¢ ‚¶‚ñ,sakai_jin@example.com,’j,2022/3/11,AŒ^,ˆïéŒ§,0 7-654-2690
–ì“‡ ˜Hq,‚Ì‚¶‚Ü ‚İ‚¿‚±,nojima_michiko@example.com,—,2022/5/10,ABŒ^,‘åã•{,0 8-799-7531
¼“‡ ’©,‚É‚µ‚¶‚Ü ‚ ‚³‚©,nishijima_asaka@example.com,—,2021/12/11,OŒ^,_“ŞìŒ§,090-360-3801
•½’Ë ‚Ü‚Ğ‚é,‚Ğ‚ç‚Â‚© ‚Ü‚Ğ‚é,hiratsuka_mahiru@example.com,—,2022/4/14,OŒ^,ç—tŒ§,083-559- 604
•ŸR —¢“Ş,‚Ó‚­‚â‚Ü ‚è‚È,fukuyama_rina@example.com,—,2022/3/27,AŒ^,“È–ØŒ§,0 5-122- 486
’‡‘º ‚ ‚³‚İ,‚È‚©‚Ş‚ç ‚ ‚³‚İ,nakamura_asami@example.com,—,2022/7/13,OŒ^,ìŒ§,040-194-3917
‰ª ”üK,‚¨‚© ‚İ‚ä‚«,oka_miyuki@example.com,—,2022/6/17,AŒ^,‘åã•{,086-330-3629
‰–Œ© “ŞŒ,‚µ‚¨‚İ ‚È‚Â‚«,shiomi_natsuki@example.com,—,2021/12/7,OŒ^,•Ÿ“‡Œ§,072-146-5867
’·àV ‰ë•F,‚È‚ª‚³‚í ‚Ü‚³‚Ğ‚±,nagasawa_masahiko@example.com,’j,2021/10/19,AŒ^,“Œ‹“s,090-927-7146
ŒKŒ´ –L,‚­‚í‚Î‚ç ‚ä‚½‚©,kuwabara_yutaka@example.com,’j,2022/1/21,AŒ^,“Œ‹“s,038-319-4738
ŒË“c Kq,‚Æ‚¾ ‚³‚¿‚±,toda_sachiko@example.com,—,2022/3/1,BŒ^,‹“s•{,042-136- 801
•Ÿ“c ‚µ‚Ú‚è,‚Ó‚­‚¾ ‚µ‚Ú‚è,fukuda_shibori@example.com,—,2021/11/14,OŒ^,‹“s•{,040-514-3458
ì–{ ’m¢,‚©‚í‚à‚Æ ‚¿‚¹,kawamoto_chise@example.com,—,2021/10/25,BŒ^,•Ÿ‰ªŒ§,050-424-7468
‰i“‡ “O,‚È‚ª‚µ‚Ü ‚Æ‚¨‚é,nagashima_tohru@example.com,’j,2021/10/22,BŒ^,RŒ`Œ§,054- 76-6668
ŠÛR ãÄ‘¾,‚Ü‚é‚â‚Ü ‚µ‚å‚¤‚½,maruyama_shouta@example.com,’j,2022/2/8,AŒ^,VŠƒŒ§,027-132-8875
“¡Œ´ ‘¾˜N,‚Ó‚¶‚í‚ç ‚½‚ë‚¤,fujiwara_tarou@example.com,’j,2022/3/9,AŒ^,ˆïéŒ§,020-127-8913
™R µ¢,‚·‚¬‚â‚Ü ‚È‚È‚¹,sugiyama_nanase@example.com,—,2021/12/19,OŒ^,R—œŒ§,010-877-7815
‘ºR Œbq,‚Ş‚ç‚â‚Ü ‚¯‚¢‚±,murayama_keiko@example.com,—,2022/1/10,ABŒ^,é‹ÊŒ§,010-751-  13
‰Ô“c —F–ç,‚Í‚È‚¾ ‚Æ‚à‚â,hanada_tomoya@example.com,’j,2021/9/13,ABŒ^,–kŠC“¹,085-300-5385
‘q ‰ë•F,‚­‚ç‚à‚¿ ‚Ü‚³‚Ğ‚±,kuramochi_masahiko@example.com,’j,2021/9/29,OŒ^,•ŸˆäŒ§,056-247-8634
‚‹´ âw,‚½‚©‚Í‚µ ‚æ‚¤,takahashi_you@example.com,—,2021/12/20,OŒ^,ˆ¤•QŒ§,051-556-4605
’†ì ˆê‹P,‚È‚©‚ª‚í ‚©‚¸‚«,nakagawa_kazuki@example.com,’j,2022/3/10,AŒ^,‚’mŒ§,021-154-4479
”öè Œõb,‚¨‚´‚« ‚İ‚Â‚¨‚İ,ozaki_mitsuomi@example.com,’j,2021/12/16,AŒ^,_“ŞìŒ§,061-114-5735
“‡“c —Ñ,‚µ‚Ü‚¾ ‚è‚³,shimada_risa@example.com,—,2022/7/30,BŒ^,‹{éŒ§,011-497-  74
‘êì Œõ,‚½‚«‚ª‚í ‚Ğ‚©‚é,takigawa_hikaru@example.com,—,2022/5/4,BŒ^,“Œ‹“s,052-882-8398
